run_id,noise_profile,run_label,rig_id,sample_path,actual_rig_id,actual_sample_path,coverage,overfill_ratio,loss,weighted_extra,weighted_missing,source_sample_path,source_ply_path,export_include_robot
full_robust_160,robust,robust_noise,R1_MinimalTriad3,R1_MinimalTriad3/C1_standard_cath/sample_0000,3Cam,3Cam/C1_standard_cath/sample_0000,0.9975851034343773,12.26234088525428,12.28648985076951,106853.53107347387,21.043308747376532,DepthCaptures/3Cam/C1_standard_cath/sample_0000,outputs/runs/full_robust_160/mujoco_exports/3Cam/C1_standard_cath/sample_0000/sample_0000_voxels.ply,False
full_robust_160,robust,robust_noise,R1_MinimalTriad3,R1_MinimalTriad3/C1_standard_cath/sample_0004,3Cam,3Cam/C1_standard_cath/sample_0004,1.0,12.256110099410325,12.256110099274217,110363.69723075753,0.0,DepthCaptures/3Cam/C1_standard_cath/sample_0004,outputs/runs/full_robust_160/mujoco_exports/3Cam/C1_standard_cath/sample_0004/sample_0004_voxels.ply,False
full_robust_160,robust,robust_noise,R1_MinimalTriad3,R1_MinimalTriad3/C1_standard_cath/sample_0008,3Cam,3Cam/C1_standard_cath/sample_0008,0.9969957174972485,13.888190889896643,13.918233714767902,123708.93173754268,26.760618571534202,DepthCaptures/3Cam/C1_standard_cath/sample_0008,outputs/runs/full_robust_160/mujoco_exports/3Cam/C1_standard_cath/sample_0008/sample_0008_voxels.ply,False
full_robust_160,robust,robust_noise,R1_MinimalTriad3,R1_MinimalTriad3/C1_standard_cath/sample_0012,3Cam,3Cam/C1_standard_cath/sample_0012,0.9980152600983833,13.131964748752809,13.151812147621067,116767.52524794897,17.64801924210585,DepthCaptures/3Cam/C1_standard_cath/sample_0012,outputs/runs/full_robust_160/mujoco_exports/3Cam/C1_standard_cath/sample_0012/sample_0012_voxels.ply,False
full_robust_160,robust,robust_noise,R1_MinimalTriad3,R1_MinimalTriad3/C1_standard_cath/sample_0016,3Cam,3Cam/C1_standard_cath/sample_0016,0.998197744103878,12.380297916671744,12.398320475495844,111943.25308340834,16.296085058581085,DepthCaptures/3Cam/C1_standard_cath/sample_0016,outputs/runs/full_robust_160/mujoco_exports/3Cam/C1_standard_cath/sample_0016/sample_0016_voxels.ply,False
full_robust_160,robust,robust_noise,R1_MinimalTriad3,R1_MinimalTriad3/C1_standard_cath/sample_0020,3Cam,3Cam/C1_standard_cath/sample_0020,0.9974810039060036,12.081011842925705,12.10620180373191,109342.7205614638,22.79890869923707,DepthCaptures/3Cam/C1_standard_cath/sample_0020,outputs/runs/full_robust_160/mujoco_exports/3Cam/C1_standard_cath/sample_0020/sample_0020_voxels.ply,False
full_robust_160,robust,robust_noise,R1_MinimalTriad3,R1_MinimalTriad3/C1_standard_cath/sample_0024,3Cam,3Cam/C1_standard_cath/sample_0024,0.9975983067878428,13.389876555754478,13.413893487725277,119125.78468259858,21.367156543511886,DepthCaptures/3Cam/C1_standard_cath/sample_0024,outputs/runs/full_robust_160/mujoco_exports/3Cam/C1_standard_cath/sample_0024/sample_0024_voxels.ply,False
full_robust_160,robust,robust_noise,R1_MinimalTriad3,R1_MinimalTriad3/C1_standard_cath/sample_0028,3Cam,3Cam/C1_standard_cath/sample_0028,0.9996909022945386,12.78612447645008,12.789215453361113,113890.51603186746,2.753242176243914,DepthCaptures/3Cam/C1_standard_cath/sample_0028,outputs/runs/full_robust_160/mujoco_exports/3Cam/C1_standard_cath/sample_0028/sample_0028_voxels.ply,False
full_robust_160,robust,robust_noise,R1_MinimalTriad3,R1_MinimalTriad3/C1_standard_cath/sample_0032,3Cam,3Cam/C1_standard_cath/sample_0032,0.9975544892161093,12.250020702129,12.274475809827855,107363.29037977844,21.433276792104035,DepthCaptures/3Cam/C1_standard_cath/sample_0032,outputs/runs/full_robust_160/mujoco_exports/3Cam/C1_standard_cath/sample_0032/sample_0032_voxels.ply,False
full_robust_160,robust,robust_noise,R1_MinimalTriad3,R1_MinimalTriad3/C1_standard_cath/sample_0036,3Cam,3Cam/C1_standard_cath/sample_0036,0.9989422092186858,12.616781795536088,12.627359703210074,114487.52512461504,9.598632251462062,DepthCaptures/3Cam/C1_standard_cath/sample_0036,outputs/runs/full_robust_160/mujoco_exports/3Cam/C1_standard_cath/sample_0036/sample_0036_voxels.ply,False
full_robust_160,robust,robust_noise,R1_MinimalTriad3,R1_MinimalTriad3/C2_radial_echo/sample_0002,3Cam,3Cam/C2_radial_echo/sample_0002,1.0,10.776459896199015,10.776459896068305,88847.34070409305,0.0,DepthCaptures/3Cam/C2_radial_echo/sample_0002,outputs/runs/full_robust_160/mujoco_exports/3Cam/C2_radial_echo/sample_0002/sample_0002_voxels.ply,False
full_robust_160,robust,robust_noise,R1_MinimalTriad3,R1_MinimalTriad3/C2_radial_echo/sample_0006,3Cam,3Cam/C2_radial_echo/sample_0006,1.0,11.530436222886369,11.53043622274852,96448.04853835277,0.0,DepthCaptures/3Cam/C2_radial_echo/sample_0006,outputs/runs/full_robust_160/mujoco_exports/3Cam/C2_radial_echo/sample_0006/sample_0006_voxels.ply,False
full_robust_160,robust,robust_noise,R1_MinimalTriad3,R1_MinimalTriad3/C2_radial_echo/sample_0010,3Cam,3Cam/C2_radial_echo/sample_0010,1.0,12.234264914671398,12.234264914520772,99369.36832581498,0.0,DepthCaptures/3Cam/C2_radial_echo/sample_0010,outputs/runs/full_robust_160/mujoco_exports/3Cam/C2_radial_echo/sample_0010/sample_0010_voxels.ply,False
full_robust_160,robust,robust_noise,R1_MinimalTriad3,R1_MinimalTriad3/C2_radial_echo/sample_0014,3Cam,3Cam/C2_radial_echo/sample_0014,0.9999080886494225,11.236980765944363,11.23789987931248,91733.52268771251,0.7503218292419177,DepthCaptures/3Cam/C2_radial_echo/sample_0014,outputs/runs/full_robust_160/mujoco_exports/3Cam/C2_radial_echo/sample_0014/sample_0014_voxels.ply,False
full_robust_160,robust,robust_noise,R1_MinimalTriad3,R1_MinimalTriad3/C2_radial_echo/sample_0018,3Cam,3Cam/C2_radial_echo/sample_0018,0.9996907942581154,11.086901131581149,11.089993188864039,90436.06813546146,2.5221972496262697,DepthCaptures/3Cam/C2_radial_echo/sample_0018,outputs/runs/full_robust_160/mujoco_exports/3Cam/C2_radial_echo/sample_0018/sample_0018_voxels.ply,False
full_robust_160,robust,robust_noise,R1_MinimalTriad3,R1_MinimalTriad3/C2_radial_echo/sample_0022,3Cam,3Cam/C2_radial_echo/sample_0022,1.0,13.166264348248857,13.16626434808447,105452.63717496814,0.0,DepthCaptures/3Cam/C2_radial_echo/sample_0022,outputs/runs/full_robust_160/mujoco_exports/3Cam/C2_radial_echo/sample_0022/sample_0022_voxels.ply,False
full_robust_160,robust,robust_noise,R1_MinimalTriad3,R1_MinimalTriad3/C2_radial_echo/sample_0026,3Cam,3Cam/C2_radial_echo/sample_0026,1.0,12.11703931666825,12.117039316518452,98013.43034453245,0.0,DepthCaptures/3Cam/C2_radial_echo/sample_0026,outputs/runs/full_robust_160/mujoco_exports/3Cam/C2_radial_echo/sample_0026/sample_0026_voxels.ply,False
full_robust_160,robust,robust_noise,R1_MinimalTriad3,R1_MinimalTriad3/C2_radial_echo/sample_0030,3Cam,3Cam/C2_radial_echo/sample_0030,1.0,11.532571030055319,11.532571029912221,92942.34927933953,0.0,DepthCaptures/3Cam/C2_radial_echo/sample_0030,outputs/runs/full_robust_160/mujoco_exports/3Cam/C2_radial_echo/sample_0030/sample_0030_voxels.ply,False
full_robust_160,robust,robust_noise,R1_MinimalTriad3,R1_MinimalTriad3/C2_radial_echo/sample_0034,3Cam,3Cam/C2_radial_echo/sample_0034,1.0,12.46155305339841,12.461553053241229,98797.10538283605,0.0,DepthCaptures/3Cam/C2_radial_echo/sample_0034,outputs/runs/full_robust_160/mujoco_exports/3Cam/C2_radial_echo/sample_0034/sample_0034_voxels.ply,False
full_robust_160,robust,robust_noise,R1_MinimalTriad3,R1_MinimalTriad3/C2_radial_echo/sample_0038,3Cam,3Cam/C2_radial_echo/sample_0038,0.9999643496583895,12.687571505638436,12.687928008901052,104880.90130560263,0.29470099603367944,DepthCaptures/3Cam/C2_radial_echo/sample_0038,outputs/runs/full_robust_160/mujoco_exports/3Cam/C2_radial_echo/sample_0038/sample_0038_voxels.ply,False
full_robust_160,robust,robust_noise,R1_MinimalTriad3,R1_MinimalTriad3/N1_mirrored_head/sample_0001,3Cam,3Cam/N1_mirrored_head/sample_0001,1.0,14.637578021734429,14.637578021564774,126291.78325839396,0.0,DepthCaptures/3Cam/N1_mirrored_head/sample_0001,outputs/runs/full_robust_160/mujoco_exports/3Cam/N1_mirrored_head/sample_0001/sample_0001_voxels.ply,False
full_robust_160,robust,robust_noise,R1_MinimalTriad3,R1_MinimalTriad3/N1_mirrored_head/sample_0005,3Cam,3Cam/N1_mirrored_head/sample_0005,1.0,13.36813297540049,13.368132975246647,116162.6118541183,0.0,DepthCaptures/3Cam/N1_mirrored_head/sample_0005,outputs/runs/full_robust_160/mujoco_exports/3Cam/N1_mirrored_head/sample_0005/sample_0005_voxels.ply,False
full_robust_160,robust,robust_noise,R1_MinimalTriad3,R1_MinimalTriad3/N1_mirrored_head/sample_0009,3Cam,3Cam/N1_mirrored_head/sample_0009,1.0,14.64089426781484,14.64089426763963,122343.19487887698,0.0,DepthCaptures/3Cam/N1_mirrored_head/sample_0009,outputs/runs/full_robust_160/mujoco_exports/3Cam/N1_mirrored_head/sample_0009/sample_0009_voxels.ply,False
full_robust_160,robust,robust_noise,R1_MinimalTriad3,R1_MinimalTriad3/N1_mirrored_head/sample_0013,3Cam,3Cam/N1_mirrored_head/sample_0013,1.0,14.46614493046156,14.466144930291982,123405.9825534099,0.0,DepthCaptures/3Cam/N1_mirrored_head/sample_0013,outputs/runs/full_robust_160/mujoco_exports/3Cam/N1_mirrored_head/sample_0013/sample_0013_voxels.ply,False
full_robust_160,robust,robust_noise,R1_MinimalTriad3,R1_MinimalTriad3/N1_mirrored_head/sample_0017,3Cam,3Cam/N1_mirrored_head/sample_0017,0.9990311389297882,12.396432783208644,12.406121393767709,107508.41324745235,8.402474981092002,DepthCaptures/3Cam/N1_mirrored_head/sample_0017,outputs/runs/full_robust_160/mujoco_exports/3Cam/N1_mirrored_head/sample_0017/sample_0017_voxels.ply,False
full_robust_160,robust,robust_noise,R1_MinimalTriad3,R1_MinimalTriad3/N1_mirrored_head/sample_0021,3Cam,3Cam/N1_mirrored_head/sample_0021,1.0,14.761297515929963,14.761297515754068,123879.80855720026,0.0,DepthCaptures/3Cam/N1_mirrored_head/sample_0021,outputs/runs/full_robust_160/mujoco_exports/3Cam/N1_mirrored_head/sample_0021/sample_0021_voxels.ply,False
full_robust_160,robust,robust_noise,R1_MinimalTriad3,R1_MinimalTriad3/N1_mirrored_head/sample_0025,3Cam,3Cam/N1_mirrored_head/sample_0025,0.9997197708655498,13.202130882642319,13.204933173833027,113355.20619967562,2.4060836543079533,DepthCaptures/3Cam/N1_mirrored_head/sample_0025,outputs/runs/full_robust_160/mujoco_exports/3Cam/N1_mirrored_head/sample_0025/sample_0025_voxels.ply,False
full_robust_160,robust,robust_noise,R1_MinimalTriad3,R1_MinimalTriad3/N1_mirrored_head/sample_0029,3Cam,3Cam/N1_mirrored_head/sample_0029,1.0,13.570058899532723,13.570058899376374,117780.42248937779,0.0,DepthCaptures/3Cam/N1_mirrored_head/sample_0029,outputs/runs/full_robust_160/mujoco_exports/3Cam/N1_mirrored_head/sample_0029/sample_0029_voxels.ply,False
full_robust_160,robust,robust_noise,R1_MinimalTriad3,R1_MinimalTriad3/N1_mirrored_head/sample_0033,3Cam,3Cam/N1_mirrored_head/sample_0033,1.0,14.115223736535178,14.115223736367781,119023.7579973746,0.0,DepthCaptures/3Cam/N1_mirrored_head/sample_0033,outputs/runs/full_robust_160/mujoco_exports/3Cam/N1_mirrored_head/sample_0033/sample_0033_voxels.ply,False
full_robust_160,robust,robust_noise,R1_MinimalTriad3,R1_MinimalTriad3/N1_mirrored_head/sample_0037,3Cam,3Cam/N1_mirrored_head/sample_0037,1.0,12.618928194580207,12.618928194436098,110498.36865277603,0.0,DepthCaptures/3Cam/N1_mirrored_head/sample_0037,outputs/runs/full_robust_160/mujoco_exports/3Cam/N1_mirrored_head/sample_0037/sample_0037_voxels.ply,False
full_robust_160,robust,robust_noise,R1_MinimalTriad3,R1_MinimalTriad3/N2_mirrored_support/sample_0003,3Cam,3Cam/N2_mirrored_support/sample_0003,1.0,13.975237784751156,13.975237784585529,117920.77169989514,0.0,DepthCaptures/3Cam/N2_mirrored_support/sample_0003,outputs/runs/full_robust_160/mujoco_exports/3Cam/N2_mirrored_support/sample_0003/sample_0003_voxels.ply,False
full_robust_160,robust,robust_noise,R1_MinimalTriad3,R1_MinimalTriad3/N2_mirrored_support/sample_0007,3Cam,3Cam/N2_mirrored_support/sample_0007,1.0,15.433466169462333,15.433466169275524,127507.15638982749,0.0,DepthCaptures/3Cam/N2_mirrored_support/sample_0007,outputs/runs/full_robust_160/mujoco_exports/3Cam/N2_mirrored_support/sample_0007/sample_0007_voxels.ply,False
full_robust_160,robust,robust_noise,R1_MinimalTriad3,R1_MinimalTriad3/N2_mirrored_support/sample_0011,3Cam,3Cam/N2_mirrored_support/sample_0011,1.0,15.00662296139396,15.006622961206952,120421.9439665491,0.0,DepthCaptures/3Cam/N2_mirrored_support/sample_0011,outputs/runs/full_robust_160/mujoco_exports/3Cam/N2_mirrored_support/sample_0011/sample_0011_voxels.ply,False
full_robust_160,robust,robust_noise,R1_MinimalTriad3,R1_MinimalTriad3/N2_mirrored_support/sample_0015,3Cam,3Cam/N2_mirrored_support/sample_0015,1.0,15.061944123763611,15.06194412357312,119093.31682403387,0.0,DepthCaptures/3Cam/N2_mirrored_support/sample_0015,outputs/runs/full_robust_160/mujoco_exports/3Cam/N2_mirrored_support/sample_0015/sample_0015_voxels.ply,False
full_robust_160,robust,robust_noise,R1_MinimalTriad3,R1_MinimalTriad3/N2_mirrored_support/sample_0019,3Cam,3Cam/N2_mirrored_support/sample_0019,1.0,16.00898352710788,16.008983526914264,132369.22774760996,0.0,DepthCaptures/3Cam/N2_mirrored_support/sample_0019,outputs/runs/full_robust_160/mujoco_exports/3Cam/N2_mirrored_support/sample_0019/sample_0019_voxels.ply,False
full_robust_160,robust,robust_noise,R1_MinimalTriad3,R1_MinimalTriad3/N2_mirrored_support/sample_0023,3Cam,3Cam/N2_mirrored_support/sample_0023,1.0,14.479771220240387,14.479771220068915,122274.21423404475,0.0,DepthCaptures/3Cam/N2_mirrored_support/sample_0023,outputs/runs/full_robust_160/mujoco_exports/3Cam/N2_mirrored_support/sample_0023/sample_0023_voxels.ply,False
full_robust_160,robust,robust_noise,R1_MinimalTriad3,R1_MinimalTriad3/N2_mirrored_support/sample_0027,3Cam,3Cam/N2_mirrored_support/sample_0027,1.0,12.950491898426687,12.950491898273318,109355.61812117619,0.0,DepthCaptures/3Cam/N2_mirrored_support/sample_0027,outputs/runs/full_robust_160/mujoco_exports/3Cam/N2_mirrored_support/sample_0027/sample_0027_voxels.ply,False
full_robust_160,robust,robust_noise,R1_MinimalTriad3,R1_MinimalTriad3/N2_mirrored_support/sample_0031,3Cam,3Cam/N2_mirrored_support/sample_0031,1.0,14.385084784191768,14.385084784016305,117934.92300185359,0.0,DepthCaptures/3Cam/N2_mirrored_support/sample_0031,outputs/runs/full_robust_160/mujoco_exports/3Cam/N2_mirrored_support/sample_0031/sample_0031_voxels.ply,False
full_robust_160,robust,robust_noise,R1_MinimalTriad3,R1_MinimalTriad3/N2_mirrored_support/sample_0035,3Cam,3Cam/N2_mirrored_support/sample_0035,1.0,14.948382100724574,14.948382100545738,124949.72838612915,0.0,DepthCaptures/3Cam/N2_mirrored_support/sample_0035,outputs/runs/full_robust_160/mujoco_exports/3Cam/N2_mirrored_support/sample_0035/sample_0035_voxels.ply,False
full_robust_160,robust,robust_noise,R1_MinimalTriad3,R1_MinimalTriad3/N2_mirrored_support/sample_0039,3Cam,3Cam/N2_mirrored_support/sample_0039,1.0,14.761094185903564,14.761094185719385,118302.73195918306,0.0,DepthCaptures/3Cam/N2_mirrored_support/sample_0039,outputs/runs/full_robust_160/mujoco_exports/3Cam/N2_mirrored_support/sample_0039/sample_0039_voxels.ply,False
full_robust_160,robust,robust_noise,R2_HighWallCross4,R2_HighWallCross4/C1_standard_cath/sample_0000,4CamAsym,4CamAsym/C1_standard_cath/sample_0000,0.9969012131763791,8.166249152842914,8.197237020985051,71160.3572084952,27.002700157032223,DepthCaptures/4CamAsym/C1_standard_cath/sample_0000,outputs/runs/full_robust_160/mujoco_exports/4CamAsym/C1_standard_cath/sample_0000/sample_0000_voxels.ply,False
full_robust_160,robust,robust_noise,R2_HighWallCross4,R2_HighWallCross4/C1_standard_cath/sample_0004,4CamAsym,4CamAsym/C1_standard_cath/sample_0004,1.0,8.433092368070191,8.433092367976538,75938.22552830115,0.0,DepthCaptures/4CamAsym/C1_standard_cath/sample_0004,outputs/runs/full_robust_160/mujoco_exports/4CamAsym/C1_standard_cath/sample_0004/sample_0004_voxels.ply,False
full_robust_160,robust,robust_noise,R2_HighWallCross4,R2_HighWallCross4/C1_standard_cath/sample_0008,4CamAsym,4CamAsym/C1_standard_cath/sample_0008,0.9954408325588039,8.831751534020416,8.877343208332714,78668.74500118571,40.61074176142397,DepthCaptures/4CamAsym/C1_standard_cath/sample_0008,outputs/runs/full_robust_160/mujoco_exports/4CamAsym/C1_standard_cath/sample_0008/sample_0008_voxels.ply,False
full_robust_160,robust,robust_noise,R2_HighWallCross4,R2_HighWallCross4/C1_standard_cath/sample_0012,4CamAsym,4CamAsym/C1_standard_cath/sample_0012,0.9979392120760376,9.008867492032385,9.02947537117046,80105.54265546784,18.32422722310465,DepthCaptures/4CamAsym/C1_standard_cath/sample_0012,outputs/runs/full_robust_160/mujoco_exports/4CamAsym/C1_standard_cath/sample_0012/sample_0012_voxels.ply,False
full_robust_160,robust,robust_noise,R2_HighWallCross4,R2_HighWallCross4/C1_standard_cath/sample_0016,4CamAsym,4CamAsym/C1_standard_cath/sample_0016,0.9982853083305224,8.251520372487489,8.268667289090818,74610.64665789483,15.504325082343998,DepthCaptures/4CamAsym/C1_standard_cath/sample_0016,outputs/runs/full_robust_160/mujoco_exports/4CamAsym/C1_standard_cath/sample_0016/sample_0016_voxels.ply,False
full_robust_160,robust,robust_noise,R2_HighWallCross4,R2_HighWallCross4/C1_standard_cath/sample_0020,4CamAsym,4CamAsym/C1_standard_cath/sample_0020,0.9976786946672811,7.454713599285201,7.477926652529768,67471.0592581445,21.009650816785804,DepthCaptures/4CamAsym/C1_standard_cath/sample_0020,outputs/runs/full_robust_160/mujoco_exports/4CamAsym/C1_standard_cath/sample_0020/sample_0020_voxels.ply,False
full_robust_160,robust,robust_noise,R2_HighWallCross4,R2_HighWallCross4/C1_standard_cath/sample_0024,4CamAsym,4CamAsym/C1_standard_cath/sample_0024,0.9975582789041227,7.962061903169257,7.986479114038261,70836.11771602457,21.723272825650533,DepthCaptures/4CamAsym/C1_standard_cath/sample_0024,outputs/runs/full_robust_160/mujoco_exports/4CamAsym/C1_standard_cath/sample_0024/sample_0024_voxels.ply,False
full_robust_160,robust,robust_noise,R2_HighWallCross4,R2_HighWallCross4/C1_standard_cath/sample_0028,4CamAsym,4CamAsym/C1_standard_cath/sample_0028,1.0,8.941164025481015,8.941164025380635,79642.09848442874,0.0,DepthCaptures/4CamAsym/C1_standard_cath/sample_0028,outputs/runs/full_robust_160/mujoco_exports/4CamAsym/C1_standard_cath/sample_0028/sample_0028_voxels.ply,False
full_robust_160,robust,robust_noise,R2_HighWallCross4,R2_HighWallCross4/C1_standard_cath/sample_0032,4CamAsym,4CamAsym/C1_standard_cath/sample_0032,0.9978224169944295,7.223459258495876,7.245235088468914,63308.81986032949,19.085067873599854,DepthCaptures/4CamAsym/C1_standard_cath/sample_0032,outputs/runs/full_robust_160/mujoco_exports/4CamAsym/C1_standard_cath/sample_0032/sample_0032_voxels.ply,False
full_robust_160,robust,robust_noise,R2_HighWallCross4,R2_HighWallCross4/C1_standard_cath/sample_0036,4CamAsym,4CamAsym/C1_standard_cath/sample_0036,0.9988192781060696,7.968242266913842,7.980049485765203,72305.62844917267,10.714136908063647,DepthCaptures/4CamAsym/C1_standard_cath/sample_0036,outputs/runs/full_robust_160/mujoco_exports/4CamAsym/C1_standard_cath/sample_0036/sample_0036_voxels.ply,False
full_robust_160,robust,robust_noise,R2_HighWallCross4,R2_HighWallCross4/C2_radial_echo/sample_0002,4CamAsym,4CamAsym/C2_radial_echo/sample_0002,1.0,7.545315886706672,7.545315886615152,62207.928926890454,0.0,DepthCaptures/4CamAsym/C2_radial_echo/sample_0002,outputs/runs/full_robust_160/mujoco_exports/4CamAsym/C2_radial_echo/sample_0002/sample_0002_voxels.ply,False
full_robust_160,robust,robust_noise,R2_HighWallCross4,R2_HighWallCross4/C2_radial_echo/sample_0006,4CamAsym,4CamAsym/C2_radial_echo/sample_0006,1.0,7.9158960869284565,7.915896086833821,66213.69003379435,0.0,DepthCaptures/4CamAsym/C2_radial_echo/sample_0006,outputs/runs/full_robust_160/mujoco_exports/4CamAsym/C2_radial_echo/sample_0006/sample_0006_voxels.ply,False
full_robust_160,robust,robust_noise,R2_HighWallCross4,R2_HighWallCross4/C2_radial_echo/sample_0010,4CamAsym,4CamAsym/C2_radial_echo/sample_0010,1.0,8.889184065561535,8.889184065452092,72199.89199902613,0.0,DepthCaptures/4CamAsym/C2_radial_echo/sample_0010,outputs/runs/full_robust_160/mujoco_exports/4CamAsym/C2_radial_echo/sample_0010/sample_0010_voxels.ply,False
full_robust_160,robust,robust_noise,R2_HighWallCross4,R2_HighWallCross4/C2_radial_echo/sample_0014,4CamAsym,4CamAsym/C2_radial_echo/sample_0014,0.9998460468746109,8.556716762694368,8.558256293843424,69853.08488396145,1.2568022331700808,DepthCaptures/4CamAsym/C2_radial_echo/sample_0014,outputs/runs/full_robust_160/mujoco_exports/4CamAsym/C2_radial_echo/sample_0014/sample_0014_voxels.ply,False
full_robust_160,robust,robust_noise,R2_HighWallCross4,R2_HighWallCross4/C2_radial_echo/sample_0018,4CamAsym,4CamAsym/C2_radial_echo/sample_0018,0.9997272002507539,7.230384736207789,7.233112733611576,58978.388901357015,2.225232859692143,DepthCaptures/4CamAsym/C2_radial_echo/sample_0018,outputs/runs/full_robust_160/mujoco_exports/4CamAsym/C2_radial_echo/sample_0018/sample_0018_voxels.ply,False
full_robust_160,robust,robust_noise,R2_HighWallCross4,R2_HighWallCross4/C2_radial_echo/sample_0022,4CamAsym,4CamAsym/C2_radial_echo/sample_0022,1.0,9.272187222913432,9.272187222797665,74263.78273851931,0.0,DepthCaptures/4CamAsym/C2_radial_echo/sample_0022,outputs/runs/full_robust_160/mujoco_exports/4CamAsym/C2_radial_echo/sample_0022/sample_0022_voxels.ply,False
full_robust_160,robust,robust_noise,R2_HighWallCross4,R2_HighWallCross4/C2_radial_echo/sample_0026,4CamAsym,4CamAsym/C2_radial_echo/sample_0026,1.0,9.01943929512324,9.019439295011736,72957.27627814414,0.0,DepthCaptures/4CamAsym/C2_radial_echo/sample_0026,outputs/runs/full_robust_160/mujoco_exports/4CamAsym/C2_radial_echo/sample_0026/sample_0026_voxels.ply,False
full_robust_160,robust,robust_noise,R2_HighWallCross4,R2_HighWallCross4/C2_radial_echo/sample_0030,4CamAsym,4CamAsym/C2_radial_echo/sample_0030,1.0,7.504595358068655,7.504595357975536,60480.41855991771,0.0,DepthCaptures/4CamAsym/C2_radial_echo/sample_0030,outputs/runs/full_robust_160/mujoco_exports/4CamAsym/C2_radial_echo/sample_0030/sample_0030_voxels.ply,False
full_robust_160,robust,robust_noise,R2_HighWallCross4,R2_HighWallCross4/C2_radial_echo/sample_0034,4CamAsym,4CamAsym/C2_radial_echo/sample_0034,1.0,9.136173673342999,9.136173673227761,72432.98723147542,0.0,DepthCaptures/4CamAsym/C2_radial_echo/sample_0034,outputs/runs/full_robust_160/mujoco_exports/4CamAsym/C2_radial_echo/sample_0034/sample_0034_voxels.ply,False
full_robust_160,robust,robust_noise,R2_HighWallCross4,R2_HighWallCross4/C2_radial_echo/sample_0038,4CamAsym,4CamAsym/C2_radial_echo/sample_0038,0.99987370175947,7.895709318410463,7.896972300720232,65269.31567588943,1.0440353612359552,DepthCaptures/4CamAsym/C2_radial_echo/sample_0038,outputs/runs/full_robust_160/mujoco_exports/4CamAsym/C2_radial_echo/sample_0038/sample_0038_voxels.ply,False
full_robust_160,robust,robust_noise,R2_HighWallCross4,R2_HighWallCross4/N1_mirrored_head/sample_0001,4CamAsym,4CamAsym/N1_mirrored_head/sample_0001,0.9946248631820147,10.319897283946226,10.373648652005844,89039.1995928431,46.37622515099517,DepthCaptures/4CamAsym/N1_mirrored_head/sample_0001,outputs/runs/full_robust_160/mujoco_exports/4CamAsym/N1_mirrored_head/sample_0001/sample_0001_voxels.ply,False
full_robust_160,robust,robust_noise,R2_HighWallCross4,R2_HighWallCross4/N1_mirrored_head/sample_0005,4CamAsym,4CamAsym/N1_mirrored_head/sample_0005,0.999112072441797,9.463664645270704,9.472543920743721,82234.66993701032,7.715661153873175,DepthCaptures/4CamAsym/N1_mirrored_head/sample_0005,outputs/runs/full_robust_160/mujoco_exports/4CamAsym/N1_mirrored_head/sample_0005/sample_0005_voxels.ply,False
full_robust_160,robust,robust_noise,R2_HighWallCross4,R2_HighWallCross4/N1_mirrored_head/sample_0009,4CamAsym,4CamAsym/N1_mirrored_head/sample_0009,0.9986852519429102,10.366520394560085,10.379667875006767,86625.39334332666,10.986383401371194,DepthCaptures/4CamAsym/N1_mirrored_head/sample_0009,outputs/runs/full_robust_160/mujoco_exports/4CamAsym/N1_mirrored_head/sample_0009/sample_0009_voxels.ply,False
full_robust_160,robust,robust_noise,R2_HighWallCross4,R2_HighWallCross4/N1_mirrored_head/sample_0013,4CamAsym,4CamAsym/N1_mirrored_head/sample_0013,0.9999204259293356,9.767367494863795,9.768163235455932,83322.23881745986,0.6788205443344174,DepthCaptures/4CamAsym/N1_mirrored_head/sample_0013,outputs/runs/full_robust_160/mujoco_exports/4CamAsym/N1_mirrored_head/sample_0013/sample_0013_voxels.ply,False
full_robust_160,robust,robust_noise,R2_HighWallCross4,R2_HighWallCross4/N1_mirrored_head/sample_0017,4CamAsym,4CamAsym/N1_mirrored_head/sample_0017,0.9189439483860847,9.227677588651968,10.038238104675372,80027.2943728471,702.960895727947,DepthCaptures/4CamAsym/N1_mirrored_head/sample_0017,outputs/runs/full_robust_160/mujoco_exports/4CamAsym/N1_mirrored_head/sample_0017/sample_0017_voxels.ply,False
full_robust_160,robust,robust_noise,R2_HighWallCross4,R2_HighWallCross4/N1_mirrored_head/sample_0021,4CamAsym,4CamAsym/N1_mirrored_head/sample_0021,0.9738282011252853,11.248208881161895,11.50992686977189,94397.25480134728,219.63905481197406,DepthCaptures/4CamAsym/N1_mirrored_head/sample_0021,outputs/runs/full_robust_160/mujoco_exports/4CamAsym/N1_mirrored_head/sample_0021/sample_0021_voxels.ply,False
full_robust_160,robust,robust_noise,R2_HighWallCross4,R2_HighWallCross4/N1_mirrored_head/sample_0025,4CamAsym,4CamAsym/N1_mirrored_head/sample_0025,0.9998241170659546,9.29277644599593,9.294535275228132,79788.98251859547,1.5101536587500324,DepthCaptures/4CamAsym/N1_mirrored_head/sample_0025,outputs/runs/full_robust_160/mujoco_exports/4CamAsym/N1_mirrored_head/sample_0025/sample_0025_voxels.ply,False
full_robust_160,robust,robust_noise,R2_HighWallCross4,R2_HighWallCross4/N1_mirrored_head/sample_0029,4CamAsym,4CamAsym/N1_mirrored_head/sample_0029,0.9939764297727726,9.409836569496676,9.47007227165984,81672.04983535327,52.281176633781065,DepthCaptures/4CamAsym/N1_mirrored_head/sample_0029,outputs/runs/full_robust_160/mujoco_exports/4CamAsym/N1_mirrored_head/sample_0029/sample_0029_voxels.ply,False
full_robust_160,robust,robust_noise,R2_HighWallCross4,R2_HighWallCross4/N1_mirrored_head/sample_0033,4CamAsym,4CamAsym/N1_mirrored_head/sample_0033,1.0,9.107717101991481,9.107717101883471,76798.97509878784,0.0,DepthCaptures/4CamAsym/N1_mirrored_head/sample_0033,outputs/runs/full_robust_160/mujoco_exports/4CamAsym/N1_mirrored_head/sample_0033/sample_0033_voxels.ply,False
full_robust_160,robust,robust_noise,R2_HighWallCross4,R2_HighWallCross4/N1_mirrored_head/sample_0037,4CamAsym,4CamAsym/N1_mirrored_head/sample_0037,0.999776844367529,9.884360816715942,9.886592372927746,86552.97253308975,1.954075097623126,DepthCaptures/4CamAsym/N1_mirrored_head/sample_0037,outputs/runs/full_robust_160/mujoco_exports/4CamAsym/N1_mirrored_head/sample_0037/sample_0037_voxels.ply,False
full_robust_160,robust,robust_noise,R2_HighWallCross4,R2_HighWallCross4/N2_mirrored_support/sample_0003,4CamAsym,4CamAsym/N2_mirrored_support/sample_0003,1.0,10.62404163962387,10.62404163949796,89643.92649427634,0.0,DepthCaptures/4CamAsym/N2_mirrored_support/sample_0003,outputs/runs/full_robust_160/mujoco_exports/4CamAsym/N2_mirrored_support/sample_0003/sample_0003_voxels.ply,False
full_robust_160,robust,robust_noise,R2_HighWallCross4,R2_HighWallCross4/N2_mirrored_support/sample_0007,4CamAsym,4CamAsym/N2_mirrored_support/sample_0007,1.0,9.975779444451932,9.975779444331184,82417.21307239383,0.0,DepthCaptures/4CamAsym/N2_mirrored_support/sample_0007,outputs/runs/full_robust_160/mujoco_exports/4CamAsym/N2_mirrored_support/sample_0007/sample_0007_voxels.ply,False
full_robust_160,robust,robust_noise,R2_HighWallCross4,R2_HighWallCross4/N2_mirrored_support/sample_0011,4CamAsym,4CamAsym/N2_mirrored_support/sample_0011,1.0,10.560276628658187,10.560276628526587,84741.85322834335,0.0,DepthCaptures/4CamAsym/N2_mirrored_support/sample_0011,outputs/runs/full_robust_160/mujoco_exports/4CamAsym/N2_mirrored_support/sample_0011/sample_0011_voxels.ply,False
full_robust_160,robust,robust_noise,R2_HighWallCross4,R2_HighWallCross4/N2_mirrored_support/sample_0015,4CamAsym,4CamAsym/N2_mirrored_support/sample_0015,1.0,11.257371159163064,11.257371159020689,89010.93106226088,0.0,DepthCaptures/4CamAsym/N2_mirrored_support/sample_0015,outputs/runs/full_robust_160/mujoco_exports/4CamAsym/N2_mirrored_support/sample_0015/sample_0015_voxels.ply,False
full_robust_160,robust,robust_noise,R2_HighWallCross4,R2_HighWallCross4/N2_mirrored_support/sample_0019,4CamAsym,4CamAsym/N2_mirrored_support/sample_0019,1.0,11.84678305399225,11.846783053848972,97954.34678879465,0.0,DepthCaptures/4CamAsym/N2_mirrored_support/sample_0019,outputs/runs/full_robust_160/mujoco_exports/4CamAsym/N2_mirrored_support/sample_0019/sample_0019_voxels.ply,False
full_robust_160,robust,robust_noise,R2_HighWallCross4,R2_HighWallCross4/N2_mirrored_support/sample_0023,4CamAsym,4CamAsym/N2_mirrored_support/sample_0023,1.0,10.405008636506546,10.405008636383329,87864.94177123923,0.0,DepthCaptures/4CamAsym/N2_mirrored_support/sample_0023,outputs/runs/full_robust_160/mujoco_exports/4CamAsym/N2_mirrored_support/sample_0023/sample_0023_voxels.ply,False
full_robust_160,robust,robust_noise,R2_HighWallCross4,R2_HighWallCross4/N2_mirrored_support/sample_0027,4CamAsym,4CamAsym/N2_mirrored_support/sample_0027,1.0,10.550054202171731,10.550054202046791,89086.01368497533,0.0,DepthCaptures/4CamAsym/N2_mirrored_support/sample_0027,outputs/runs/full_robust_160/mujoco_exports/4CamAsym/N2_mirrored_support/sample_0027/sample_0027_voxels.ply,False
full_robust_160,robust,robust_noise,R2_HighWallCross4,R2_HighWallCross4/N2_mirrored_support/sample_0031,4CamAsym,4CamAsym/N2_mirrored_support/sample_0031,0.9999523631571041,11.39995322371912,11.40042959200902,93461.56980190406,0.3905467005068782,DepthCaptures/4CamAsym/N2_mirrored_support/sample_0031,outputs/runs/full_robust_160/mujoco_exports/4CamAsym/N2_mirrored_support/sample_0031/sample_0031_voxels.ply,False
full_robust_160,robust,robust_noise,R2_HighWallCross4,R2_HighWallCross4/N2_mirrored_support/sample_0035,4CamAsym,4CamAsym/N2_mirrored_support/sample_0035,0.9995391569472581,11.918414780670833,11.92302321105561,99623.00131235362,3.8520700020064833,DepthCaptures/4CamAsym/N2_mirrored_support/sample_0035,outputs/runs/full_robust_160/mujoco_exports/4CamAsym/N2_mirrored_support/sample_0035/sample_0035_voxels.ply,False
full_robust_160,robust,robust_noise,R2_HighWallCross4,R2_HighWallCross4/N2_mirrored_support/sample_0039,4CamAsym,4CamAsym/N2_mirrored_support/sample_0039,1.0,11.273785425672159,11.273785425531493,90353.7094595808,0.0,DepthCaptures/4CamAsym/N2_mirrored_support/sample_0039,outputs/runs/full_robust_160/mujoco_exports/4CamAsym/N2_mirrored_support/sample_0039/sample_0039_voxels.ply,False
full_robust_160,robust,robust_noise,R0_LegacyCorner4,R0_LegacyCorner4/C1_standard_cath/sample_0000,4CamClassic,4CamClassic/C1_standard_cath/sample_0000,1.0,9.043067609624275,9.043067609520497,78800.91695921525,0.0,DepthCaptures/4CamClassic/C1_standard_cath/sample_0000,outputs/runs/full_robust_160/mujoco_exports/4CamClassic/C1_standard_cath/sample_0000/sample_0000_voxels.ply,False
full_robust_160,robust,robust_noise,R0_LegacyCorner4,R0_LegacyCorner4/C1_standard_cath/sample_0004,4CamClassic,4CamClassic/C1_standard_cath/sample_0004,1.0,9.38832013798522,9.38832013788096,84539.85096493835,0.0,DepthCaptures/4CamClassic/C1_standard_cath/sample_0004,outputs/runs/full_robust_160/mujoco_exports/4CamClassic/C1_standard_cath/sample_0004/sample_0004_voxels.ply,False
full_robust_160,robust,robust_noise,R0_LegacyCorner4,R0_LegacyCorner4/C1_standard_cath/sample_0008,4CamClassic,4CamClassic/C1_standard_cath/sample_0008,1.0,8.958030226502098,8.95803022640153,79793.57128503863,0.0,DepthCaptures/4CamClassic/C1_standard_cath/sample_0008,outputs/runs/full_robust_160/mujoco_exports/4CamClassic/C1_standard_cath/sample_0008/sample_0008_voxels.ply,False
full_robust_160,robust,robust_noise,R0_LegacyCorner4,R0_LegacyCorner4/C1_standard_cath/sample_0012,4CamClassic,4CamClassic/C1_standard_cath/sample_0012,1.0,10.655901864193122,10.655901864073282,94750.73332686255,0.0,DepthCaptures/4CamClassic/C1_standard_cath/sample_0012,outputs/runs/full_robust_160/mujoco_exports/4CamClassic/C1_standard_cath/sample_0012/sample_0012_voxels.ply,False
full_robust_160,robust,robust_noise,R0_LegacyCorner4,R0_LegacyCorner4/C1_standard_cath/sample_0016,4CamClassic,4CamClassic/C1_standard_cath/sample_0016,1.0,10.016036983335976,10.016036983225202,90565.49127210196,0.0,DepthCaptures/4CamClassic/C1_standard_cath/sample_0016,outputs/runs/full_robust_160/mujoco_exports/4CamClassic/C1_standard_cath/sample_0016/sample_0016_voxels.ply,False
full_robust_160,robust,robust_noise,R0_LegacyCorner4,R0_LegacyCorner4/C1_standard_cath/sample_0020,4CamClassic,4CamClassic/C1_standard_cath/sample_0020,1.0,10.478770319100851,10.478770318985072,94841.16642929536,0.0,DepthCaptures/4CamClassic/C1_standard_cath/sample_0020,outputs/runs/full_robust_160/mujoco_exports/4CamClassic/C1_standard_cath/sample_0020/sample_0020_voxels.ply,False
full_robust_160,robust,robust_noise,R0_LegacyCorner4,R0_LegacyCorner4/C1_standard_cath/sample_0024,4CamClassic,4CamClassic/C1_standard_cath/sample_0024,1.0,9.920177353711717,9.920177353600211,88256.89367118027,0.0,DepthCaptures/4CamClassic/C1_standard_cath/sample_0024,outputs/runs/full_robust_160/mujoco_exports/4CamClassic/C1_standard_cath/sample_0024/sample_0024_voxels.ply,False
full_robust_160,robust,robust_noise,R0_LegacyCorner4,R0_LegacyCorner4/C1_standard_cath/sample_0028,4CamClassic,4CamClassic/C1_standard_cath/sample_0028,1.0,11.11222913122062,11.112229131095866,98980.54037797383,0.0,DepthCaptures/4CamClassic/C1_standard_cath/sample_0028,outputs/runs/full_robust_160/mujoco_exports/4CamClassic/C1_standard_cath/sample_0028/sample_0028_voxels.ply,False
full_robust_160,robust,robust_noise,R0_LegacyCorner4,R0_LegacyCorner4/C1_standard_cath/sample_0032,4CamClassic,4CamClassic/C1_standard_cath/sample_0032,1.0,10.66540630572275,10.665406305601056,93475.19829257291,0.0,DepthCaptures/4CamClassic/C1_standard_cath/sample_0032,outputs/runs/full_robust_160/mujoco_exports/4CamClassic/C1_standard_cath/sample_0032/sample_0032_voxels.ply,False
full_robust_160,robust,robust_noise,R0_LegacyCorner4,R0_LegacyCorner4/C1_standard_cath/sample_0036,4CamClassic,4CamClassic/C1_standard_cath/sample_0036,1.0,10.929389201773153,10.929389201652707,99175.74395060173,0.0,DepthCaptures/4CamClassic/C1_standard_cath/sample_0036,outputs/runs/full_robust_160/mujoco_exports/4CamClassic/C1_standard_cath/sample_0036/sample_0036_voxels.ply,False
full_robust_160,robust,robust_noise,R0_LegacyCorner4,R0_LegacyCorner4/C2_radial_echo/sample_0002,4CamClassic,4CamClassic/C2_radial_echo/sample_0002,1.0,14.170237520478615,14.17023752030674,116827.59764957192,0.0,DepthCaptures/4CamClassic/C2_radial_echo/sample_0002,outputs/runs/full_robust_160/mujoco_exports/4CamClassic/C2_radial_echo/sample_0002/sample_0002_voxels.ply,False
full_robust_160,robust,robust_noise,R0_LegacyCorner4,R0_LegacyCorner4/C2_radial_echo/sample_0006,4CamClassic,4CamClassic/C2_radial_echo/sample_0006,1.0,14.77326920272322,14.773269202546604,123573.2072570038,0.0,DepthCaptures/4CamClassic/C2_radial_echo/sample_0006,outputs/runs/full_robust_160/mujoco_exports/4CamClassic/C2_radial_echo/sample_0006/sample_0006_voxels.ply,False
full_robust_160,robust,robust_noise,R0_LegacyCorner4,R0_LegacyCorner4/C2_radial_echo/sample_0010,4CamClassic,4CamClassic/C2_radial_echo/sample_0010,1.0,16.15181280686881,16.151812806669952,131188.54685013753,0.0,DepthCaptures/4CamClassic/C2_radial_echo/sample_0010,outputs/runs/full_robust_160/mujoco_exports/4CamClassic/C2_radial_echo/sample_0010/sample_0010_voxels.ply,False
full_robust_160,robust,robust_noise,R0_LegacyCorner4,R0_LegacyCorner4/C2_radial_echo/sample_0014,4CamClassic,4CamClassic/C2_radial_echo/sample_0014,1.0,13.11621181618374,13.116211816023073,107074.69731222029,0.0,DepthCaptures/4CamClassic/C2_radial_echo/sample_0014,outputs/runs/full_robust_160/mujoco_exports/4CamClassic/C2_radial_echo/sample_0014/sample_0014_voxels.ply,False
full_robust_160,robust,robust_noise,R0_LegacyCorner4,R0_LegacyCorner4/C2_radial_echo/sample_0018,4CamClassic,4CamClassic/C2_radial_echo/sample_0018,1.0,14.381500608438566,14.38150060826226,117310.1801377249,0.0,DepthCaptures/4CamClassic/C2_radial_echo/sample_0018,outputs/runs/full_robust_160/mujoco_exports/4CamClassic/C2_radial_echo/sample_0018/sample_0018_voxels.ply,False
full_robust_160,robust,robust_noise,R0_LegacyCorner4,R0_LegacyCorner4/C2_radial_echo/sample_0022,4CamClassic,4CamClassic/C2_radial_echo/sample_0022,1.0,13.668734746143528,13.668734745972868,109477.07623823182,0.0,DepthCaptures/4CamClassic/C2_radial_echo/sample_0022,outputs/runs/full_robust_160/mujoco_exports/4CamClassic/C2_radial_echo/sample_0022/sample_0022_voxels.ply,False
full_robust_160,robust,robust_noise,R0_LegacyCorner4,R0_LegacyCorner4/C2_radial_echo/sample_0026,4CamClassic,4CamClassic/C2_radial_echo/sample_0026,1.0,15.124328135018505,15.12432813483153,122339.06678261829,0.0,DepthCaptures/4CamClassic/C2_radial_echo/sample_0026,outputs/runs/full_robust_160/mujoco_exports/4CamClassic/C2_radial_echo/sample_0026/sample_0026_voxels.ply,False
full_robust_160,robust,robust_noise,R0_LegacyCorner4,R0_LegacyCorner4/C2_radial_echo/sample_0030,4CamClassic,4CamClassic/C2_radial_echo/sample_0030,1.0,15.519881867463054,15.519881867270477,125076.55730371167,0.0,DepthCaptures/4CamClassic/C2_radial_echo/sample_0030,outputs/runs/full_robust_160/mujoco_exports/4CamClassic/C2_radial_echo/sample_0030/sample_0030_voxels.ply,False
full_robust_160,robust,robust_noise,R0_LegacyCorner4,R0_LegacyCorner4/C2_radial_echo/sample_0034,4CamClassic,4CamClassic/C2_radial_echo/sample_0034,1.0,15.557859007826165,15.55785900762993,123345.09425438987,0.0,DepthCaptures/4CamClassic/C2_radial_echo/sample_0034,outputs/runs/full_robust_160/mujoco_exports/4CamClassic/C2_radial_echo/sample_0034/sample_0034_voxels.ply,False
full_robust_160,robust,robust_noise,R0_LegacyCorner4,R0_LegacyCorner4/C2_radial_echo/sample_0038,4CamClassic,4CamClassic/C2_radial_echo/sample_0038,1.0,13.349243727782792,13.349243727621303,110350.5673481972,0.0,DepthCaptures/4CamClassic/C2_radial_echo/sample_0038,outputs/runs/full_robust_160/mujoco_exports/4CamClassic/C2_radial_echo/sample_0038/sample_0038_voxels.ply,False
full_robust_160,robust,robust_noise,R0_LegacyCorner4,R0_LegacyCorner4/N1_mirrored_head/sample_0001,4CamClassic,4CamClassic/N1_mirrored_head/sample_0001,1.0,11.468463175987402,11.468463175854477,98948.92881719058,0.0,DepthCaptures/4CamClassic/N1_mirrored_head/sample_0001,outputs/runs/full_robust_160/mujoco_exports/4CamClassic/N1_mirrored_head/sample_0001/sample_0001_voxels.ply,False
full_robust_160,robust,robust_noise,R0_LegacyCorner4,R0_LegacyCorner4/N1_mirrored_head/sample_0005,4CamClassic,4CamClassic/N1_mirrored_head/sample_0005,1.0,11.001671666181945,11.001671666055335,95599.20729819473,0.0,DepthCaptures/4CamClassic/N1_mirrored_head/sample_0005,outputs/runs/full_robust_160/mujoco_exports/4CamClassic/N1_mirrored_head/sample_0005/sample_0005_voxels.ply,False
full_robust_160,robust,robust_noise,R0_LegacyCorner4,R0_LegacyCorner4/N1_mirrored_head/sample_0009,4CamClassic,4CamClassic/N1_mirrored_head/sample_0009,1.0,11.118555103040794,11.118555102907738,92909.59478705903,0.0,DepthCaptures/4CamClassic/N1_mirrored_head/sample_0009,outputs/runs/full_robust_160/mujoco_exports/4CamClassic/N1_mirrored_head/sample_0009/sample_0009_voxels.ply,False
full_robust_160,robust,robust_noise,R0_LegacyCorner4,R0_LegacyCorner4/N1_mirrored_head/sample_0013,4CamClassic,4CamClassic/N1_mirrored_head/sample_0013,1.0,10.601965568673366,10.601965568549085,90441.92383587667,0.0,DepthCaptures/4CamClassic/N1_mirrored_head/sample_0013,outputs/runs/full_robust_160/mujoco_exports/4CamClassic/N1_mirrored_head/sample_0013/sample_0013_voxels.ply,False
full_robust_160,robust,robust_noise,R0_LegacyCorner4,R0_LegacyCorner4/N1_mirrored_head/sample_0017,4CamClassic,4CamClassic/N1_mirrored_head/sample_0017,1.0,12.265863363951,12.265863363809565,106376.0462731366,0.0,DepthCaptures/4CamClassic/N1_mirrored_head/sample_0017,outputs/runs/full_robust_160/mujoco_exports/4CamClassic/N1_mirrored_head/sample_0017/sample_0017_voxels.ply,False
full_robust_160,robust,robust_noise,R0_LegacyCorner4,R0_LegacyCorner4/N1_mirrored_head/sample_0021,4CamClassic,4CamClassic/N1_mirrored_head/sample_0021,1.0,11.208408093960509,11.20840809382695,94063.2385068032,0.0,DepthCaptures/4CamClassic/N1_mirrored_head/sample_0021,outputs/runs/full_robust_160/mujoco_exports/4CamClassic/N1_mirrored_head/sample_0021/sample_0021_voxels.ply,False
full_robust_160,robust,robust_noise,R0_LegacyCorner4,R0_LegacyCorner4/N1_mirrored_head/sample_0025,4CamClassic,4CamClassic/N1_mirrored_head/sample_0025,1.0,10.541470579717405,10.54147057959463,90510.43212900819,0.0,DepthCaptures/4CamClassic/N1_mirrored_head/sample_0025,outputs/runs/full_robust_160/mujoco_exports/4CamClassic/N1_mirrored_head/sample_0025/sample_0025_voxels.ply,False
full_robust_160,robust,robust_noise,R0_LegacyCorner4,R0_LegacyCorner4/N1_mirrored_head/sample_0029,4CamClassic,4CamClassic/N1_mirrored_head/sample_0029,1.0,11.653386052971397,11.653386052837133,101144.78816286173,0.0,DepthCaptures/4CamClassic/N1_mirrored_head/sample_0029,outputs/runs/full_robust_160/mujoco_exports/4CamClassic/N1_mirrored_head/sample_0029/sample_0029_voxels.ply,False
full_robust_160,robust,robust_noise,R0_LegacyCorner4,R0_LegacyCorner4/N1_mirrored_head/sample_0033,4CamClassic,4CamClassic/N1_mirrored_head/sample_0033,1.0,10.652303041372871,10.652303041246542,89823.38239735788,0.0,DepthCaptures/4CamClassic/N1_mirrored_head/sample_0033,outputs/runs/full_robust_160/mujoco_exports/4CamClassic/N1_mirrored_head/sample_0033/sample_0033_voxels.ply,False
full_robust_160,robust,robust_noise,R0_LegacyCorner4,R0_LegacyCorner4/N1_mirrored_head/sample_0037,4CamClassic,4CamClassic/N1_mirrored_head/sample_0037,1.0,12.82083237173575,12.820832371589336,112266.35416278557,0.0,DepthCaptures/4CamClassic/N1_mirrored_head/sample_0037,outputs/runs/full_robust_160/mujoco_exports/4CamClassic/N1_mirrored_head/sample_0037/sample_0037_voxels.ply,False
full_robust_160,robust,robust_noise,R0_LegacyCorner4,R0_LegacyCorner4/N2_mirrored_support/sample_0003,4CamClassic,4CamClassic/N2_mirrored_support/sample_0003,1.0,13.318699200589384,13.318699200431539,112381.00646029487,0.0,DepthCaptures/4CamClassic/N2_mirrored_support/sample_0003,outputs/runs/full_robust_160/mujoco_exports/4CamClassic/N2_mirrored_support/sample_0003/sample_0003_voxels.ply,False
full_robust_160,robust,robust_noise,R0_LegacyCorner4,R0_LegacyCorner4/N2_mirrored_support/sample_0007,4CamClassic,4CamClassic/N2_mirrored_support/sample_0007,1.0,15.081139198091405,15.081139197908861,124596.3254886112,0.0,DepthCaptures/4CamClassic/N2_mirrored_support/sample_0007,outputs/runs/full_robust_160/mujoco_exports/4CamClassic/N2_mirrored_support/sample_0007/sample_0007_voxels.ply,False
full_robust_160,robust,robust_noise,R0_LegacyCorner4,R0_LegacyCorner4/N2_mirrored_support/sample_0011,4CamClassic,4CamClassic/N2_mirrored_support/sample_0011,1.0,15.003025413652345,15.003025413465382,120393.07513352302,0.0,DepthCaptures/4CamClassic/N2_mirrored_support/sample_0011,outputs/runs/full_robust_160/mujoco_exports/4CamClassic/N2_mirrored_support/sample_0011/sample_0011_voxels.ply,False
full_robust_160,robust,robust_noise,R0_LegacyCorner4,R0_LegacyCorner4/N2_mirrored_support/sample_0015,4CamClassic,4CamClassic/N2_mirrored_support/sample_0015,1.0,15.332310728374646,15.332310728180735,121231.07908347415,0.0,DepthCaptures/4CamClassic/N2_mirrored_support/sample_0015,outputs/runs/full_robust_160/mujoco_exports/4CamClassic/N2_mirrored_support/sample_0015/sample_0015_voxels.ply,False
full_robust_160,robust,robust_noise,R0_LegacyCorner4,R0_LegacyCorner4/N2_mirrored_support/sample_0019,4CamClassic,4CamClassic/N2_mirrored_support/sample_0019,1.0,15.987223317748628,15.987223317555273,132189.3048871964,0.0,DepthCaptures/4CamClassic/N2_mirrored_support/sample_0019,outputs/runs/full_robust_160/mujoco_exports/4CamClassic/N2_mirrored_support/sample_0019/sample_0019_voxels.ply,False
full_robust_160,robust,robust_noise,R0_LegacyCorner4,R0_LegacyCorner4/N2_mirrored_support/sample_0023,4CamClassic,4CamClassic/N2_mirrored_support/sample_0023,1.0,12.762469836688364,12.762469836537228,107772.48806151096,0.0,DepthCaptures/4CamClassic/N2_mirrored_support/sample_0023,outputs/runs/full_robust_160/mujoco_exports/4CamClassic/N2_mirrored_support/sample_0023/sample_0023_voxels.ply,False
full_robust_160,robust,robust_noise,R0_LegacyCorner4,R0_LegacyCorner4/N2_mirrored_support/sample_0027,4CamClassic,4CamClassic/N2_mirrored_support/sample_0027,1.0,16.329212770567167,16.329212770373786,137885.97143360355,0.0,DepthCaptures/4CamClassic/N2_mirrored_support/sample_0027,outputs/runs/full_robust_160/mujoco_exports/4CamClassic/N2_mirrored_support/sample_0027/sample_0027_voxels.ply,False
full_robust_160,robust,robust_noise,R0_LegacyCorner4,R0_LegacyCorner4/N2_mirrored_support/sample_0031,4CamClassic,4CamClassic/N2_mirrored_support/sample_0031,1.0,17.50666352457213,17.50666352435859,143526.92707509655,0.0,DepthCaptures/4CamClassic/N2_mirrored_support/sample_0031,outputs/runs/full_robust_160/mujoco_exports/4CamClassic/N2_mirrored_support/sample_0031/sample_0031_voxels.ply,False
full_robust_160,robust,robust_noise,R0_LegacyCorner4,R0_LegacyCorner4/N2_mirrored_support/sample_0035,4CamClassic,4CamClassic/N2_mirrored_support/sample_0035,1.0,17.332022562058643,17.33202256185129,144873.97344536154,0.0,DepthCaptures/4CamClassic/N2_mirrored_support/sample_0035,outputs/runs/full_robust_160/mujoco_exports/4CamClassic/N2_mirrored_support/sample_0035/sample_0035_voxels.ply,False
full_robust_160,robust,robust_noise,R0_LegacyCorner4,R0_LegacyCorner4/N2_mirrored_support/sample_0039,4CamClassic,4CamClassic/N2_mirrored_support/sample_0039,1.0,16.424819497626814,16.424819497421876,131636.6520011312,0.0,DepthCaptures/4CamClassic/N2_mirrored_support/sample_0039,outputs/runs/full_robust_160/mujoco_exports/4CamClassic/N2_mirrored_support/sample_0039/sample_0039_voxels.ply,False
full_robust_160,robust,robust_noise,R3_HybridDense5,R3_HybridDense5/C1_standard_cath/sample_0000,5Cam,5Cam/C1_standard_cath/sample_0000,1.0,4.841642457922016,4.841642457866454,42189.8720371035,0.0,DepthCaptures/5Cam/C1_standard_cath/sample_0000,outputs/runs/full_robust_160/mujoco_exports/5Cam/C1_standard_cath/sample_0000/sample_0000_voxels.ply,False
full_robust_160,robust,robust_noise,R3_HybridDense5,R3_HybridDense5/C1_standard_cath/sample_0004,5Cam,5Cam/C1_standard_cath/sample_0004,1.0,5.299958671524452,5.299958671465594,47725.01465924289,0.0,DepthCaptures/5Cam/C1_standard_cath/sample_0004,outputs/runs/full_robust_160/mujoco_exports/5Cam/C1_standard_cath/sample_0004/sample_0004_voxels.ply,False
full_robust_160,robust,robust_noise,R3_HybridDense5,R3_HybridDense5/C1_standard_cath/sample_0008,5Cam,5Cam/C1_standard_cath/sample_0008,0.9993280183677122,4.896307023853105,4.903026840120938,43613.809471796674,5.985670166590274,DepthCaptures/5Cam/C1_standard_cath/sample_0008,outputs/runs/full_robust_160/mujoco_exports/5Cam/C1_standard_cath/sample_0008/sample_0008_voxels.ply,False
full_robust_160,robust,robust_noise,R3_HybridDense5,R3_HybridDense5/C1_standard_cath/sample_0012,5Cam,5Cam/C1_standard_cath/sample_0012,1.0,6.05043289252431,6.050432892456265,53799.57143168175,0.0,DepthCaptures/5Cam/C1_standard_cath/sample_0012,outputs/runs/full_robust_160/mujoco_exports/5Cam/C1_standard_cath/sample_0012/sample_0012_voxels.ply,False
full_robust_160,robust,robust_noise,R3_HybridDense5,R3_HybridDense5/C1_standard_cath/sample_0016,5Cam,5Cam/C1_standard_cath/sample_0016,1.0,5.273439877026306,5.273439876967984,47682.698651309496,0.0,DepthCaptures/5Cam/C1_standard_cath/sample_0016,outputs/runs/full_robust_160/mujoco_exports/5Cam/C1_standard_cath/sample_0016/sample_0016_voxels.ply,False
full_robust_160,robust,robust_noise,R3_HybridDense5,R3_HybridDense5/C1_standard_cath/sample_0020,5Cam,5Cam/C1_standard_cath/sample_0020,1.0,5.685097480725536,5.685097480662722,51454.63254914855,0.0,DepthCaptures/5Cam/C1_standard_cath/sample_0020,outputs/runs/full_robust_160/mujoco_exports/5Cam/C1_standard_cath/sample_0020/sample_0020_voxels.ply,False
full_robust_160,robust,robust_noise,R3_HybridDense5,R3_HybridDense5/C1_standard_cath/sample_0024,5Cam,5Cam/C1_standard_cath/sample_0024,1.0,5.143786473752469,5.143786473694652,45762.75198460727,0.0,DepthCaptures/5Cam/C1_standard_cath/sample_0024,outputs/runs/full_robust_160/mujoco_exports/5Cam/C1_standard_cath/sample_0024/sample_0024_voxels.ply,False
full_robust_160,robust,robust_noise,R3_HybridDense5,R3_HybridDense5/C1_standard_cath/sample_0028,5Cam,5Cam/C1_standard_cath/sample_0028,1.0,5.740301610503815,5.74030161043937,51130.88909801932,0.0,DepthCaptures/5Cam/C1_standard_cath/sample_0028,outputs/runs/full_robust_160/mujoco_exports/5Cam/C1_standard_cath/sample_0028/sample_0028_voxels.ply,False
full_robust_160,robust,robust_noise,R3_HybridDense5,R3_HybridDense5/C1_standard_cath/sample_0032,5Cam,5Cam/C1_standard_cath/sample_0032,0.997812566068285,4.608942067262694,4.630816406527007,40394.31422553444,19.17140469456446,DepthCaptures/5Cam/C1_standard_cath/sample_0032,outputs/runs/full_robust_160/mujoco_exports/5Cam/C1_standard_cath/sample_0032/sample_0032_voxels.ply,False
full_robust_160,robust,robust_noise,R3_HybridDense5,R3_HybridDense5/C1_standard_cath/sample_0036,5Cam,5Cam/C1_standard_cath/sample_0036,1.0,5.7977564577099985,5.797756457646106,52610.150423091225,0.0,DepthCaptures/5Cam/C1_standard_cath/sample_0036,outputs/runs/full_robust_160/mujoco_exports/5Cam/C1_standard_cath/sample_0036/sample_0036_voxels.ply,False
full_robust_160,robust,robust_noise,R3_HybridDense5,R3_HybridDense5/C2_radial_echo/sample_0002,5Cam,5Cam/C2_radial_echo/sample_0002,1.0,6.463872412522866,6.463872412444464,53291.886207062176,0.0,DepthCaptures/5Cam/C2_radial_echo/sample_0002,outputs/runs/full_robust_160/mujoco_exports/5Cam/C2_radial_echo/sample_0002/sample_0002_voxels.ply,False
full_robust_160,robust,robust_noise,R3_HybridDense5,R3_HybridDense5/C2_radial_echo/sample_0006,5Cam,5Cam/C2_radial_echo/sample_0006,1.0,5.591162259998528,5.591162259931685,46768.108215003354,0.0,DepthCaptures/5Cam/C2_radial_echo/sample_0006,outputs/runs/full_robust_160/mujoco_exports/5Cam/C2_radial_echo/sample_0006/sample_0006_voxels.ply,False
full_robust_160,robust,robust_noise,R3_HybridDense5,R3_HybridDense5/C2_radial_echo/sample_0010,5Cam,5Cam/C2_radial_echo/sample_0010,1.0,6.241816951323783,6.2418169512469355,50697.39882079935,0.0,DepthCaptures/5Cam/C2_radial_echo/sample_0010,outputs/runs/full_robust_160/mujoco_exports/5Cam/C2_radial_echo/sample_0010/sample_0010_voxels.ply,False
full_robust_160,robust,robust_noise,R3_HybridDense5,R3_HybridDense5/C2_radial_echo/sample_0014,5Cam,5Cam/C2_radial_echo/sample_0014,1.0,5.519129925466923,5.519129925399316,45055.62844502245,0.0,DepthCaptures/5Cam/C2_radial_echo/sample_0014,outputs/runs/full_robust_160/mujoco_exports/5Cam/C2_radial_echo/sample_0014/sample_0014_voxels.ply,False
full_robust_160,robust,robust_noise,R3_HybridDense5,R3_HybridDense5/C2_radial_echo/sample_0018,5Cam,5Cam/C2_radial_echo/sample_0018,1.0,6.119116361825608,6.119116361750591,49913.751160867134,0.0,DepthCaptures/5Cam/C2_radial_echo/sample_0018,outputs/runs/full_robust_160/mujoco_exports/5Cam/C2_radial_echo/sample_0018/sample_0018_voxels.ply,False
full_robust_160,robust,robust_noise,R3_HybridDense5,R3_HybridDense5/C2_radial_echo/sample_0022,5Cam,5Cam/C2_radial_echo/sample_0022,1.0,6.020640245253553,6.020640245178382,48221.1487291136,0.0,DepthCaptures/5Cam/C2_radial_echo/sample_0022,outputs/runs/full_robust_160/mujoco_exports/5Cam/C2_radial_echo/sample_0022/sample_0022_voxels.ply,False
full_robust_160,robust,robust_noise,R3_HybridDense5,R3_HybridDense5/C2_radial_echo/sample_0026,5Cam,5Cam/C2_radial_echo/sample_0026,1.0,6.701294557051758,6.701294556968913,54206.052330148574,0.0,DepthCaptures/5Cam/C2_radial_echo/sample_0026,outputs/runs/full_robust_160/mujoco_exports/5Cam/C2_radial_echo/sample_0026/sample_0026_voxels.ply,False
full_robust_160,robust,robust_noise,R3_HybridDense5,R3_HybridDense5/C2_radial_echo/sample_0030,5Cam,5Cam/C2_radial_echo/sample_0030,1.0,5.811696928550868,5.811696928478755,46837.150573912266,0.0,DepthCaptures/5Cam/C2_radial_echo/sample_0030,outputs/runs/full_robust_160/mujoco_exports/5Cam/C2_radial_echo/sample_0030/sample_0030_voxels.ply,False
full_robust_160,robust,robust_noise,R3_HybridDense5,R3_HybridDense5/C2_radial_echo/sample_0034,5Cam,5Cam/C2_radial_echo/sample_0034,1.0,6.388096676174327,6.3880966760937525,50645.810984179414,0.0,DepthCaptures/5Cam/C2_radial_echo/sample_0034,outputs/runs/full_robust_160/mujoco_exports/5Cam/C2_radial_echo/sample_0034/sample_0034_voxels.ply,False
full_robust_160,robust,robust_noise,R3_HybridDense5,R3_HybridDense5/C2_radial_echo/sample_0038,5Cam,5Cam/C2_radial_echo/sample_0038,1.0,5.503920153719585,5.503920153653003,45497.76181987584,0.0,DepthCaptures/5Cam/C2_radial_echo/sample_0038,outputs/runs/full_robust_160/mujoco_exports/5Cam/C2_radial_echo/sample_0038/sample_0038_voxels.ply,False
full_robust_160,robust,robust_noise,R3_HybridDense5,R3_HybridDense5/N1_mirrored_head/sample_0001,5Cam,5Cam/N1_mirrored_head/sample_0001,0.9746611970486002,7.648241022994338,7.901629052416753,65988.37568276245,218.6210454771773,DepthCaptures/5Cam/N1_mirrored_head/sample_0001,outputs/runs/full_robust_160/mujoco_exports/5Cam/N1_mirrored_head/sample_0001/sample_0001_voxels.ply,False
full_robust_160,robust,robust_noise,R3_HybridDense5,R3_HybridDense5/N1_mirrored_head/sample_0005,5Cam,5Cam/N1_mirrored_head/sample_0005,0.9989583851098159,7.584051184969166,7.594467333783609,65901.73778959931,9.051129758551749,DepthCaptures/5Cam/N1_mirrored_head/sample_0005,outputs/runs/full_robust_160/mujoco_exports/5Cam/N1_mirrored_head/sample_0005/sample_0005_voxels.ply,False
full_robust_160,robust,robust_noise,R3_HybridDense5,R3_HybridDense5/N1_mirrored_head/sample_0009,5Cam,5Cam/N1_mirrored_head/sample_0009,0.9987150970425579,6.879805245694222,6.892654275186158,57489.47697498208,10.736989834586653,DepthCaptures/5Cam/N1_mirrored_head/sample_0009,outputs/runs/full_robust_160/mujoco_exports/5Cam/N1_mirrored_head/sample_0009/sample_0009_voxels.ply,False
full_robust_160,robust,robust_noise,R3_HybridDense5,R3_HybridDense5/N1_mirrored_head/sample_0013,5Cam,5Cam/N1_mirrored_head/sample_0013,0.9999204259293356,7.690043431719161,7.690839172335649,65601.26212833541,0.6788205443344174,DepthCaptures/5Cam/N1_mirrored_head/sample_0013,outputs/runs/full_robust_160/mujoco_exports/5Cam/N1_mirrored_head/sample_0013/sample_0013_voxels.ply,False
full_robust_160,robust,robust_noise,R3_HybridDense5,R3_HybridDense5/N1_mirrored_head/sample_0017,5Cam,5Cam/N1_mirrored_head/sample_0017,0.9493472769400174,7.152665475980396,7.659192706491906,62031.693250826334,439.28717059778626,DepthCaptures/5Cam/N1_mirrored_head/sample_0017,outputs/runs/full_robust_160/mujoco_exports/5Cam/N1_mirrored_head/sample_0017/sample_0017_voxels.ply,False
full_robust_160,robust,robust_noise,R3_HybridDense5,R3_HybridDense5/N1_mirrored_head/sample_0021,5Cam,5Cam/N1_mirrored_head/sample_0021,0.9827210346576454,8.39866794109294,8.57145759441435,70483.32814613973,145.00858859916676,DepthCaptures/5Cam/N1_mirrored_head/sample_0021,outputs/runs/full_robust_160/mujoco_exports/5Cam/N1_mirrored_head/sample_0021/sample_0021_voxels.ply,False
full_robust_160,robust,robust_noise,R3_HybridDense5,R3_HybridDense5/N1_mirrored_head/sample_0025,5Cam,5Cam/N1_mirrored_head/sample_0025,0.9995938084687406,7.229486178408444,7.233548093636791,62073.30496538575,3.4876131127449623,DepthCaptures/5Cam/N1_mirrored_head/sample_0025,outputs/runs/full_robust_160/mujoco_exports/5Cam/N1_mirrored_head/sample_0025/sample_0025_voxels.ply,False
full_robust_160,robust,robust_noise,R3_HybridDense5,R3_HybridDense5/N1_mirrored_head/sample_0029,5Cam,5Cam/N1_mirrored_head/sample_0029,0.9933830376845875,7.237965606489051,7.30413522955902,62821.44045264394,57.431483744879706,DepthCaptures/5Cam/N1_mirrored_head/sample_0029,outputs/runs/full_robust_160/mujoco_exports/5Cam/N1_mirrored_head/sample_0029/sample_0029_voxels.ply,False
full_robust_160,robust,robust_noise,R3_HybridDense5,R3_HybridDense5/N1_mirrored_head/sample_0033,5Cam,5Cam/N1_mirrored_head/sample_0033,1.0,8.01127033966235,8.011270339567343,67553.41041399441,0.0,DepthCaptures/5Cam/N1_mirrored_head/sample_0033,outputs/runs/full_robust_160/mujoco_exports/5Cam/N1_mirrored_head/sample_0033/sample_0033_voxels.ply,False
full_robust_160,robust,robust_noise,R3_HybridDense5,R3_HybridDense5/N1_mirrored_head/sample_0037,5Cam,5Cam/N1_mirrored_head/sample_0037,0.9995484418063845,7.742566071975635,7.747081653823318,67798.22398126428,3.9540952271796854,DepthCaptures/5Cam/N1_mirrored_head/sample_0037,outputs/runs/full_robust_160/mujoco_exports/5Cam/N1_mirrored_head/sample_0037/sample_0037_voxels.ply,False
full_robust_160,robust,robust_noise,R3_HybridDense5,R3_HybridDense5/N2_mirrored_support/sample_0003,5Cam,5Cam/N2_mirrored_support/sample_0003,1.0,7.387946325331267,7.38794632524371,62338.28328209587,0.0,DepthCaptures/5Cam/N2_mirrored_support/sample_0003,outputs/runs/full_robust_160/mujoco_exports/5Cam/N2_mirrored_support/sample_0003/sample_0003_voxels.ply,False
full_robust_160,robust,robust_noise,R3_HybridDense5,R3_HybridDense5/N2_mirrored_support/sample_0007,5Cam,5Cam/N2_mirrored_support/sample_0007,1.0,7.754837374927396,7.754837374833531,64068.385616385116,0.0,DepthCaptures/5Cam/N2_mirrored_support/sample_0007,outputs/runs/full_robust_160/mujoco_exports/5Cam/N2_mirrored_support/sample_0007/sample_0007_voxels.ply,False
full_robust_160,robust,robust_noise,R3_HybridDense5,R3_HybridDense5/N2_mirrored_support/sample_0011,5Cam,5Cam/N2_mirrored_support/sample_0011,1.0,8.416151439328,8.416151439223121,67536.13518831323,0.0,DepthCaptures/5Cam/N2_mirrored_support/sample_0011,outputs/runs/full_robust_160/mujoco_exports/5Cam/N2_mirrored_support/sample_0011/sample_0011_voxels.ply,False
full_robust_160,robust,robust_noise,R3_HybridDense5,R3_HybridDense5/N2_mirrored_support/sample_0015,5Cam,5Cam/N2_mirrored_support/sample_0015,1.0,7.628586914900755,7.628586914804274,60318.489493170375,0.0,DepthCaptures/5Cam/N2_mirrored_support/sample_0015,outputs/runs/full_robust_160/mujoco_exports/5Cam/N2_mirrored_support/sample_0015/sample_0015_voxels.ply,False
full_robust_160,robust,robust_noise,R3_HybridDense5,R3_HybridDense5/N2_mirrored_support/sample_0019,5Cam,5Cam/N2_mirrored_support/sample_0019,1.0,9.237741816549372,9.237741816437648,76381.66085422593,0.0,DepthCaptures/5Cam/N2_mirrored_support/sample_0019,outputs/runs/full_robust_160/mujoco_exports/5Cam/N2_mirrored_support/sample_0019/sample_0019_voxels.ply,False
full_robust_160,robust,robust_noise,R3_HybridDense5,R3_HybridDense5/N2_mirrored_support/sample_0023,5Cam,5Cam/N2_mirrored_support/sample_0023,1.0,7.462041543624126,7.46204154353576,63013.09961672798,0.0,DepthCaptures/5Cam/N2_mirrored_support/sample_0023,outputs/runs/full_robust_160/mujoco_exports/5Cam/N2_mirrored_support/sample_0023/sample_0023_voxels.ply,False
full_robust_160,robust,robust_noise,R3_HybridDense5,R3_HybridDense5/N2_mirrored_support/sample_0027,5Cam,5Cam/N2_mirrored_support/sample_0027,0.9998021096148958,8.42417279248776,8.426151696239014,71134.7978213871,1.6710118467341344,DepthCaptures/5Cam/N2_mirrored_support/sample_0027,outputs/runs/full_robust_160/mujoco_exports/5Cam/N2_mirrored_support/sample_0027/sample_0027_voxels.ply,False
full_robust_160,robust,robust_noise,R3_HybridDense5,R3_HybridDense5/N2_mirrored_support/sample_0031,5Cam,5Cam/N2_mirrored_support/sample_0031,0.9997249012823168,6.835491080840874,6.838242067934297,56040.205976729594,2.255373991506132,DepthCaptures/5Cam/N2_mirrored_support/sample_0031,outputs/runs/full_robust_160/mujoco_exports/5Cam/N2_mirrored_support/sample_0031/sample_0031_voxels.ply,False
full_robust_160,robust,robust_noise,R3_HybridDense5,R3_HybridDense5/N2_mirrored_support/sample_0035,5Cam,5Cam/N2_mirrored_support/sample_0035,0.9993218615534025,8.724095232161437,8.730876616522957,72922.49571413203,5.668386995970259,DepthCaptures/5Cam/N2_mirrored_support/sample_0035,outputs/runs/full_robust_160/mujoco_exports/5Cam/N2_mirrored_support/sample_0035/sample_0035_voxels.ply,False
full_robust_160,robust,robust_noise,R3_HybridDense5,R3_HybridDense5/N2_mirrored_support/sample_0039,5Cam,5Cam/N2_mirrored_support/sample_0039,1.0,8.204443140278112,8.204443140175742,65754.47764743507,0.0,DepthCaptures/5Cam/N2_mirrored_support/sample_0039,outputs/runs/full_robust_160/mujoco_exports/5Cam/N2_mirrored_support/sample_0039/sample_0039_voxels.ply,False
