sample_index,layout,rig_id,camera_index,camera_name,camera_role,mount_wall,valid_depth_fraction,far_no_hit_fraction,raw_mb,width,height
0,C1_standard_cath,4CamClassic,0,DepthCam_BL,legacy_corner_back_left,corner_minusX_minusZ,0.9700455729166667,0.02995442708333329,1.2288,640,480
0,C1_standard_cath,4CamClassic,1,DepthCam_BR,legacy_corner_back_right,corner_plusX_minusZ,0.9684147135416666,0.03158528645833336,1.2288,640,480
0,C1_standard_cath,4CamClassic,2,DepthCam_FL,legacy_corner_front_left,corner_minusX_plusZ,0.9609505208333333,0.03904947916666668,1.2288,640,480
0,C1_standard_cath,4CamClassic,3,DepthCam_FR,legacy_corner_front_right,corner_plusX_plusZ,0.9601204427083333,0.0398795572916667,1.2288,640,480
4,C1_standard_cath,4CamClassic,0,DepthCam_BL,legacy_corner_back_left,corner_minusX_minusZ,0.9722298177083334,0.027770182291666612,1.2288,640,480
4,C1_standard_cath,4CamClassic,1,DepthCam_BR,legacy_corner_back_right,corner_plusX_minusZ,0.9714095052083334,0.028590494791666643,1.2288,640,480
4,C1_standard_cath,4CamClassic,2,DepthCam_FL,legacy_corner_front_left,corner_minusX_plusZ,0.9649576822916667,0.035042317708333326,1.2288,640,480
4,C1_standard_cath,4CamClassic,3,DepthCam_FR,legacy_corner_front_right,corner_plusX_plusZ,0.9634928385416667,0.036507161458333326,1.2288,640,480
8,C1_standard_cath,4CamClassic,0,DepthCam_BL,legacy_corner_back_left,corner_minusX_minusZ,0.9711653645833334,0.028834635416666643,1.2288,640,480
8,C1_standard_cath,4CamClassic,1,DepthCam_BR,legacy_corner_back_right,corner_plusX_minusZ,0.9700748697916667,0.029925130208333317,1.2288,640,480
8,C1_standard_cath,4CamClassic,2,DepthCam_FL,legacy_corner_front_left,corner_minusX_plusZ,0.965302734375,0.03469726562499997,1.2288,640,480
8,C1_standard_cath,4CamClassic,3,DepthCam_FR,legacy_corner_front_right,corner_plusX_plusZ,0.9620930989583333,0.03790690104166672,1.2288,640,480
12,C1_standard_cath,4CamClassic,0,DepthCam_BL,legacy_corner_back_left,corner_minusX_minusZ,0.9720735677083333,0.027926432291666692,1.2288,640,480
12,C1_standard_cath,4CamClassic,1,DepthCam_BR,legacy_corner_back_right,corner_plusX_minusZ,0.9712467447916666,0.028753255208333384,1.2288,640,480
12,C1_standard_cath,4CamClassic,2,DepthCam_FL,legacy_corner_front_left,corner_minusX_plusZ,0.9697916666666667,0.03020833333333328,1.2288,640,480
12,C1_standard_cath,4CamClassic,3,DepthCam_FR,legacy_corner_front_right,corner_plusX_plusZ,0.9652180989583333,0.034781901041666674,1.2288,640,480
16,C1_standard_cath,4CamClassic,0,DepthCam_BL,legacy_corner_back_left,corner_minusX_minusZ,0.9689029947916666,0.03109700520833336,1.2288,640,480
16,C1_standard_cath,4CamClassic,1,DepthCam_BR,legacy_corner_back_right,corner_plusX_minusZ,0.9714127604166667,0.028587239583333313,1.2288,640,480
16,C1_standard_cath,4CamClassic,2,DepthCam_FL,legacy_corner_front_left,corner_minusX_plusZ,0.9659440104166667,0.034055989583333335,1.2288,640,480
16,C1_standard_cath,4CamClassic,3,DepthCam_FR,legacy_corner_front_right,corner_plusX_plusZ,0.9627962239583333,0.03720377604166669,1.2288,640,480
20,C1_standard_cath,4CamClassic,0,DepthCam_BL,legacy_corner_back_left,corner_minusX_minusZ,0.967626953125,0.03237304687499998,1.2288,640,480
20,C1_standard_cath,4CamClassic,1,DepthCam_BR,legacy_corner_back_right,corner_plusX_minusZ,0.9705208333333334,0.029479166666666612,1.2288,640,480
20,C1_standard_cath,4CamClassic,2,DepthCam_FL,legacy_corner_front_left,corner_minusX_plusZ,0.9660481770833333,0.03395182291666665,1.2288,640,480
20,C1_standard_cath,4CamClassic,3,DepthCam_FR,legacy_corner_front_right,corner_plusX_plusZ,0.96302734375,0.03697265625000001,1.2288,640,480
24,C1_standard_cath,4CamClassic,0,DepthCam_BL,legacy_corner_back_left,corner_minusX_minusZ,0.9687858072916666,0.031214192708333366,1.2288,640,480
24,C1_standard_cath,4CamClassic,1,DepthCam_BR,legacy_corner_back_right,corner_plusX_minusZ,0.97248046875,0.02751953124999995,1.2288,640,480
24,C1_standard_cath,4CamClassic,2,DepthCam_FL,legacy_corner_front_left,corner_minusX_plusZ,0.9655110677083333,0.03448893229166672,1.2288,640,480
24,C1_standard_cath,4CamClassic,3,DepthCam_FR,legacy_corner_front_right,corner_plusX_plusZ,0.960908203125,0.03909179687499997,1.2288,640,480
28,C1_standard_cath,4CamClassic,0,DepthCam_BL,legacy_corner_back_left,corner_minusX_minusZ,0.9680924479166667,0.03190755208333329,1.2288,640,480
28,C1_standard_cath,4CamClassic,1,DepthCam_BR,legacy_corner_back_right,corner_plusX_minusZ,0.9706575520833334,0.029342447916666625,1.2288,640,480
28,C1_standard_cath,4CamClassic,2,DepthCam_FL,legacy_corner_front_left,corner_minusX_plusZ,0.9678125,0.032187500000000036,1.2288,640,480
28,C1_standard_cath,4CamClassic,3,DepthCam_FR,legacy_corner_front_right,corner_plusX_plusZ,0.9640234375,0.03597656250000003,1.2288,640,480
32,C1_standard_cath,4CamClassic,0,DepthCam_BL,legacy_corner_back_left,corner_minusX_minusZ,0.9679329427083333,0.0320670572916667,1.2288,640,480
32,C1_standard_cath,4CamClassic,1,DepthCam_BR,legacy_corner_back_right,corner_plusX_minusZ,0.9690462239583333,0.030953776041666714,1.2288,640,480
32,C1_standard_cath,4CamClassic,2,DepthCam_FL,legacy_corner_front_left,corner_minusX_plusZ,0.966640625,0.03335937499999997,1.2288,640,480
32,C1_standard_cath,4CamClassic,3,DepthCam_FR,legacy_corner_front_right,corner_plusX_plusZ,0.9630305989583333,0.03696940104166668,1.2288,640,480
36,C1_standard_cath,4CamClassic,0,DepthCam_BL,legacy_corner_back_left,corner_minusX_minusZ,0.9671842447916666,0.03281575520833335,1.2288,640,480
36,C1_standard_cath,4CamClassic,1,DepthCam_BR,legacy_corner_back_right,corner_plusX_minusZ,0.970009765625,0.029990234375000036,1.2288,640,480
36,C1_standard_cath,4CamClassic,2,DepthCam_FL,legacy_corner_front_left,corner_minusX_plusZ,0.96431640625,0.035683593749999964,1.2288,640,480
36,C1_standard_cath,4CamClassic,3,DepthCam_FR,legacy_corner_front_right,corner_plusX_plusZ,0.9654752604166666,0.03452473958333335,1.2288,640,480
1,N1_mirrored_head,4CamClassic,0,DepthCam_BL,legacy_corner_back_left,corner_minusX_minusZ,0.9645638020833334,0.035436197916666634,1.2288,640,480
1,N1_mirrored_head,4CamClassic,1,DepthCam_BR,legacy_corner_back_right,corner_plusX_minusZ,0.9668522135416666,0.033147786458333384,1.2288,640,480
1,N1_mirrored_head,4CamClassic,2,DepthCam_FL,legacy_corner_front_left,corner_minusX_plusZ,0.9671484375,0.03285156249999999,1.2288,640,480
1,N1_mirrored_head,4CamClassic,3,DepthCam_FR,legacy_corner_front_right,corner_plusX_plusZ,0.968291015625,0.03170898437500003,1.2288,640,480
5,N1_mirrored_head,4CamClassic,0,DepthCam_BL,legacy_corner_back_left,corner_minusX_minusZ,0.9645345052083333,0.03546549479166672,1.2288,640,480
5,N1_mirrored_head,4CamClassic,1,DepthCam_BR,legacy_corner_back_right,corner_plusX_minusZ,0.9632096354166667,0.03679036458333329,1.2288,640,480
5,N1_mirrored_head,4CamClassic,2,DepthCam_FL,legacy_corner_front_left,corner_minusX_plusZ,0.9691634114583333,0.03083658854166671,1.2288,640,480
5,N1_mirrored_head,4CamClassic,3,DepthCam_FR,legacy_corner_front_right,corner_plusX_plusZ,0.9702408854166666,0.029759114583333357,1.2288,640,480
9,N1_mirrored_head,4CamClassic,0,DepthCam_BL,legacy_corner_back_left,corner_minusX_minusZ,0.9655989583333333,0.03440104166666669,1.2288,640,480
9,N1_mirrored_head,4CamClassic,1,DepthCam_BR,legacy_corner_back_right,corner_plusX_minusZ,0.9689713541666667,0.031028645833333313,1.2288,640,480
9,N1_mirrored_head,4CamClassic,2,DepthCam_FL,legacy_corner_front_left,corner_minusX_plusZ,0.9666471354166667,0.03335286458333331,1.2288,640,480
9,N1_mirrored_head,4CamClassic,3,DepthCam_FR,legacy_corner_front_right,corner_plusX_plusZ,0.968720703125,0.03127929687499997,1.2288,640,480
13,N1_mirrored_head,4CamClassic,0,DepthCam_BL,legacy_corner_back_left,corner_minusX_minusZ,0.9657552083333333,0.03424479166666672,1.2288,640,480
13,N1_mirrored_head,4CamClassic,1,DepthCam_BR,legacy_corner_back_right,corner_plusX_minusZ,0.9705989583333333,0.029401041666666683,1.2288,640,480
13,N1_mirrored_head,4CamClassic,2,DepthCam_FL,legacy_corner_front_left,corner_minusX_plusZ,0.9684733072916667,0.031526692708333304,1.2288,640,480
13,N1_mirrored_head,4CamClassic,3,DepthCam_FR,legacy_corner_front_right,corner_plusX_plusZ,0.96775390625,0.03224609374999998,1.2288,640,480
17,N1_mirrored_head,4CamClassic,0,DepthCam_BL,legacy_corner_back_left,corner_minusX_minusZ,0.965888671875,0.03411132812499995,1.2288,640,480
17,N1_mirrored_head,4CamClassic,1,DepthCam_BR,legacy_corner_back_right,corner_plusX_minusZ,0.9705436197916667,0.0294563802083333,1.2288,640,480
17,N1_mirrored_head,4CamClassic,2,DepthCam_FL,legacy_corner_front_left,corner_minusX_plusZ,0.9676171875,0.03238281249999997,1.2288,640,480
17,N1_mirrored_head,4CamClassic,3,DepthCam_FR,legacy_corner_front_right,corner_plusX_plusZ,0.9692805989583333,0.030719401041666705,1.2288,640,480
21,N1_mirrored_head,4CamClassic,0,DepthCam_BL,legacy_corner_back_left,corner_minusX_minusZ,0.9627766927083333,0.037223307291666674,1.2288,640,480
21,N1_mirrored_head,4CamClassic,1,DepthCam_BR,legacy_corner_back_right,corner_plusX_minusZ,0.96810546875,0.03189453124999997,1.2288,640,480
21,N1_mirrored_head,4CamClassic,2,DepthCam_FL,legacy_corner_front_left,corner_minusX_plusZ,0.9676139322916667,0.0323860677083333,1.2288,640,480
21,N1_mirrored_head,4CamClassic,3,DepthCam_FR,legacy_corner_front_right,corner_plusX_plusZ,0.9673958333333333,0.032604166666666656,1.2288,640,480
25,N1_mirrored_head,4CamClassic,0,DepthCam_BL,legacy_corner_back_left,corner_minusX_minusZ,0.963046875,0.03695312500000003,1.2288,640,480
25,N1_mirrored_head,4CamClassic,1,DepthCam_BR,legacy_corner_back_right,corner_plusX_minusZ,0.9671875,0.03281250000000002,1.2288,640,480
25,N1_mirrored_head,4CamClassic,2,DepthCam_FL,legacy_corner_front_left,corner_minusX_plusZ,0.967958984375,0.03204101562499995,1.2288,640,480
25,N1_mirrored_head,4CamClassic,3,DepthCam_FR,legacy_corner_front_right,corner_plusX_plusZ,0.9714583333333333,0.028541666666666687,1.2288,640,480
29,N1_mirrored_head,4CamClassic,0,DepthCam_BL,legacy_corner_back_left,corner_minusX_minusZ,0.96755859375,0.03244140625000003,1.2288,640,480
29,N1_mirrored_head,4CamClassic,1,DepthCam_BR,legacy_corner_back_right,corner_plusX_minusZ,0.9668359375,0.033164062500000036,1.2288,640,480
29,N1_mirrored_head,4CamClassic,2,DepthCam_FL,legacy_corner_front_left,corner_minusX_plusZ,0.9691796875,0.030820312499999947,1.2288,640,480
29,N1_mirrored_head,4CamClassic,3,DepthCam_FR,legacy_corner_front_right,corner_plusX_plusZ,0.9707649739583334,0.029235026041666612,1.2288,640,480
33,N1_mirrored_head,4CamClassic,0,DepthCam_BL,legacy_corner_back_left,corner_minusX_minusZ,0.96669921875,0.03330078125000002,1.2288,640,480
33,N1_mirrored_head,4CamClassic,1,DepthCam_BR,legacy_corner_back_right,corner_plusX_minusZ,0.970810546875,0.029189453124999987,1.2288,640,480
33,N1_mirrored_head,4CamClassic,2,DepthCam_FL,legacy_corner_front_left,corner_minusX_plusZ,0.9707942708333334,0.02920572916666664,1.2288,640,480
33,N1_mirrored_head,4CamClassic,3,DepthCam_FR,legacy_corner_front_right,corner_plusX_plusZ,0.968427734375,0.03157226562500004,1.2288,640,480
37,N1_mirrored_head,4CamClassic,0,DepthCam_BL,legacy_corner_back_left,corner_minusX_minusZ,0.9632291666666667,0.03677083333333331,1.2288,640,480
37,N1_mirrored_head,4CamClassic,1,DepthCam_BR,legacy_corner_back_right,corner_plusX_minusZ,0.965625,0.034375000000000044,1.2288,640,480
37,N1_mirrored_head,4CamClassic,2,DepthCam_FL,legacy_corner_front_left,corner_minusX_plusZ,0.9660774739583333,0.03392252604166668,1.2288,640,480
37,N1_mirrored_head,4CamClassic,3,DepthCam_FR,legacy_corner_front_right,corner_plusX_plusZ,0.9716145833333333,0.02838541666666672,1.2288,640,480
2,C2_radial_echo,4CamClassic,0,DepthCam_BL,legacy_corner_back_left,corner_minusX_minusZ,0.9673111979166666,0.03268880208333336,1.2288,640,480
2,C2_radial_echo,4CamClassic,1,DepthCam_BR,legacy_corner_back_right,corner_plusX_minusZ,0.9708463541666666,0.029153645833333353,1.2288,640,480
2,C2_radial_echo,4CamClassic,2,DepthCam_FL,legacy_corner_front_left,corner_minusX_plusZ,0.9664778645833333,0.03352213541666671,1.2288,640,480
2,C2_radial_echo,4CamClassic,3,DepthCam_FR,legacy_corner_front_right,corner_plusX_plusZ,0.9624837239583334,0.03751627604166663,1.2288,640,480
6,C2_radial_echo,4CamClassic,0,DepthCam_BL,legacy_corner_back_left,corner_minusX_minusZ,0.9670768229166666,0.032923177083333366,1.2288,640,480
6,C2_radial_echo,4CamClassic,1,DepthCam_BR,legacy_corner_back_right,corner_plusX_minusZ,0.9708723958333333,0.02912760416666671,1.2288,640,480
6,C2_radial_echo,4CamClassic,2,DepthCam_FL,legacy_corner_front_left,corner_minusX_plusZ,0.9743782552083333,0.02562174479166668,1.2288,640,480
6,C2_radial_echo,4CamClassic,3,DepthCam_FR,legacy_corner_front_right,corner_plusX_plusZ,0.9632747395833333,0.03672526041666668,1.2288,640,480
10,C2_radial_echo,4CamClassic,0,DepthCam_BL,legacy_corner_back_left,corner_minusX_minusZ,0.9688411458333334,0.03115885416666664,1.2288,640,480
10,C2_radial_echo,4CamClassic,1,DepthCam_BR,legacy_corner_back_right,corner_plusX_minusZ,0.9731510416666667,0.02684895833333334,1.2288,640,480
10,C2_radial_echo,4CamClassic,2,DepthCam_FL,legacy_corner_front_left,corner_minusX_plusZ,0.9726725260416667,0.027327473958333348,1.2288,640,480
10,C2_radial_echo,4CamClassic,3,DepthCam_FR,legacy_corner_front_right,corner_plusX_plusZ,0.9635123697916667,0.036487630208333344,1.2288,640,480
14,C2_radial_echo,4CamClassic,0,DepthCam_BL,legacy_corner_back_left,corner_minusX_minusZ,0.9713313802083333,0.028668619791666683,1.2288,640,480
14,C2_radial_echo,4CamClassic,1,DepthCam_BR,legacy_corner_back_right,corner_plusX_minusZ,0.9713736979166666,0.028626302083333388,1.2288,640,480
14,C2_radial_echo,4CamClassic,2,DepthCam_FL,legacy_corner_front_left,corner_minusX_plusZ,0.9706868489583333,0.029313151041666652,1.2288,640,480
14,C2_radial_echo,4CamClassic,3,DepthCam_FR,legacy_corner_front_right,corner_plusX_plusZ,0.9646940104166667,0.03530598958333331,1.2288,640,480
18,C2_radial_echo,4CamClassic,0,DepthCam_BL,legacy_corner_back_left,corner_minusX_minusZ,0.968583984375,0.03141601562499996,1.2288,640,480
18,C2_radial_echo,4CamClassic,1,DepthCam_BR,legacy_corner_back_right,corner_plusX_minusZ,0.9726041666666667,0.027395833333333286,1.2288,640,480
18,C2_radial_echo,4CamClassic,2,DepthCam_FL,legacy_corner_front_left,corner_minusX_plusZ,0.966962890625,0.03303710937500004,1.2288,640,480
18,C2_radial_echo,4CamClassic,3,DepthCam_FR,legacy_corner_front_right,corner_plusX_plusZ,0.9654524739583333,0.034547526041666665,1.2288,640,480
22,C2_radial_echo,4CamClassic,0,DepthCam_BL,legacy_corner_back_left,corner_minusX_minusZ,0.972529296875,0.027470703124999996,1.2288,640,480
22,C2_radial_echo,4CamClassic,1,DepthCam_BR,legacy_corner_back_right,corner_plusX_minusZ,0.9726302083333334,0.027369791666666643,1.2288,640,480
22,C2_radial_echo,4CamClassic,2,DepthCam_FL,legacy_corner_front_left,corner_minusX_plusZ,0.9694368489583334,0.030563151041666625,1.2288,640,480
22,C2_radial_echo,4CamClassic,3,DepthCam_FR,legacy_corner_front_right,corner_plusX_plusZ,0.9648958333333333,0.035104166666666714,1.2288,640,480
26,C2_radial_echo,4CamClassic,0,DepthCam_BL,legacy_corner_back_left,corner_minusX_minusZ,0.9685709635416667,0.03142903645833328,1.2288,640,480
26,C2_radial_echo,4CamClassic,1,DepthCam_BR,legacy_corner_back_right,corner_plusX_minusZ,0.971162109375,0.028837890624999973,1.2288,640,480
26,C2_radial_echo,4CamClassic,2,DepthCam_FL,legacy_corner_front_left,corner_minusX_plusZ,0.9699772135416667,0.03002278645833334,1.2288,640,480
26,C2_radial_echo,4CamClassic,3,DepthCam_FR,legacy_corner_front_right,corner_plusX_plusZ,0.9621419270833333,0.03785807291666665,1.2288,640,480
30,C2_radial_echo,4CamClassic,0,DepthCam_BL,legacy_corner_back_left,corner_minusX_minusZ,0.9669075520833333,0.033092447916666656,1.2288,640,480
30,C2_radial_echo,4CamClassic,1,DepthCam_BR,legacy_corner_back_right,corner_plusX_minusZ,0.9714225260416667,0.02857747395833332,1.2288,640,480
30,C2_radial_echo,4CamClassic,2,DepthCam_FL,legacy_corner_front_left,corner_minusX_plusZ,0.972333984375,0.02766601562500004,1.2288,640,480
30,C2_radial_echo,4CamClassic,3,DepthCam_FR,legacy_corner_front_right,corner_plusX_plusZ,0.965322265625,0.03467773437499999,1.2288,640,480
34,C2_radial_echo,4CamClassic,0,DepthCam_BL,legacy_corner_back_left,corner_minusX_minusZ,0.9686751302083333,0.03132486979166671,1.2288,640,480
34,C2_radial_echo,4CamClassic,1,DepthCam_BR,legacy_corner_back_right,corner_plusX_minusZ,0.9723502604166666,0.027649739583333388,1.2288,640,480
34,C2_radial_echo,4CamClassic,2,DepthCam_FL,legacy_corner_front_left,corner_minusX_plusZ,0.9738606770833333,0.026139322916666652,1.2288,640,480
34,C2_radial_echo,4CamClassic,3,DepthCam_FR,legacy_corner_front_right,corner_plusX_plusZ,0.9629915364583334,0.03700846354166665,1.2288,640,480
38,C2_radial_echo,4CamClassic,0,DepthCam_BL,legacy_corner_back_left,corner_minusX_minusZ,0.966962890625,0.03303710937500004,1.2288,640,480
38,C2_radial_echo,4CamClassic,1,DepthCam_BR,legacy_corner_back_right,corner_plusX_minusZ,0.9706217447916666,0.02937825520833337,1.2288,640,480
38,C2_radial_echo,4CamClassic,2,DepthCam_FL,legacy_corner_front_left,corner_minusX_plusZ,0.9661263020833334,0.03387369791666661,1.2288,640,480
38,C2_radial_echo,4CamClassic,3,DepthCam_FR,legacy_corner_front_right,corner_plusX_plusZ,0.965498046875,0.03450195312500004,1.2288,640,480
3,N2_mirrored_support,4CamClassic,0,DepthCam_BL,legacy_corner_back_left,corner_minusX_minusZ,0.9671907552083333,0.03280924479166669,1.2288,640,480
3,N2_mirrored_support,4CamClassic,1,DepthCam_BR,legacy_corner_back_right,corner_plusX_minusZ,0.96451171875,0.03548828125000003,1.2288,640,480
3,N2_mirrored_support,4CamClassic,2,DepthCam_FL,legacy_corner_front_left,corner_minusX_plusZ,0.9691959635416667,0.030804036458333295,1.2288,640,480
3,N2_mirrored_support,4CamClassic,3,DepthCam_FR,legacy_corner_front_right,corner_plusX_plusZ,0.9732649739583333,0.026735026041666665,1.2288,640,480
7,N2_mirrored_support,4CamClassic,0,DepthCam_BL,legacy_corner_back_left,corner_minusX_minusZ,0.972822265625,0.02717773437500004,1.2288,640,480
7,N2_mirrored_support,4CamClassic,1,DepthCam_BR,legacy_corner_back_right,corner_plusX_minusZ,0.97001953125,0.029980468750000044,1.2288,640,480
7,N2_mirrored_support,4CamClassic,2,DepthCam_FL,legacy_corner_front_left,corner_minusX_plusZ,0.9718001302083333,0.028199869791666665,1.2288,640,480
7,N2_mirrored_support,4CamClassic,3,DepthCam_FR,legacy_corner_front_right,corner_plusX_plusZ,0.9712369791666666,0.028763020833333375,1.2288,640,480
11,N2_mirrored_support,4CamClassic,0,DepthCam_BL,legacy_corner_back_left,corner_minusX_minusZ,0.97435546875,0.02564453124999999,1.2288,640,480
11,N2_mirrored_support,4CamClassic,1,DepthCam_BR,legacy_corner_back_right,corner_plusX_minusZ,0.9732486979166667,0.026751302083333317,1.2288,640,480
11,N2_mirrored_support,4CamClassic,2,DepthCam_FL,legacy_corner_front_left,corner_minusX_plusZ,0.9717838541666667,0.028216145833333317,1.2288,640,480
11,N2_mirrored_support,4CamClassic,3,DepthCam_FR,legacy_corner_front_right,corner_plusX_plusZ,0.9706770833333334,0.029322916666666643,1.2288,640,480
15,N2_mirrored_support,4CamClassic,0,DepthCam_BL,legacy_corner_back_left,corner_minusX_minusZ,0.9728125,0.02718750000000003,1.2288,640,480
15,N2_mirrored_support,4CamClassic,1,DepthCam_BR,legacy_corner_back_right,corner_plusX_minusZ,0.9666178385416667,0.03338216145833328,1.2288,640,480
15,N2_mirrored_support,4CamClassic,2,DepthCam_FL,legacy_corner_front_left,corner_minusX_plusZ,0.9687044270833334,0.031295572916666625,1.2288,640,480
15,N2_mirrored_support,4CamClassic,3,DepthCam_FR,legacy_corner_front_right,corner_plusX_plusZ,0.9703515625,0.029648437500000013,1.2288,640,480
19,N2_mirrored_support,4CamClassic,0,DepthCam_BL,legacy_corner_back_left,corner_minusX_minusZ,0.967734375,0.032265624999999964,1.2288,640,480
19,N2_mirrored_support,4CamClassic,1,DepthCam_BR,legacy_corner_back_right,corner_plusX_minusZ,0.9711555989583334,0.028844401041666634,1.2288,640,480
19,N2_mirrored_support,4CamClassic,2,DepthCam_FL,legacy_corner_front_left,corner_minusX_plusZ,0.967744140625,0.03225585937499997,1.2288,640,480
19,N2_mirrored_support,4CamClassic,3,DepthCam_FR,legacy_corner_front_right,corner_plusX_plusZ,0.9697884114583334,0.030211588541666612,1.2288,640,480
23,N2_mirrored_support,4CamClassic,0,DepthCam_BL,legacy_corner_back_left,corner_minusX_minusZ,0.97087890625,0.02912109375000005,1.2288,640,480
23,N2_mirrored_support,4CamClassic,1,DepthCam_BR,legacy_corner_back_right,corner_plusX_minusZ,0.9647786458333333,0.03522135416666672,1.2288,640,480
23,N2_mirrored_support,4CamClassic,2,DepthCam_FL,legacy_corner_front_left,corner_minusX_plusZ,0.9669498697916666,0.03305013020833336,1.2288,640,480
23,N2_mirrored_support,4CamClassic,3,DepthCam_FR,legacy_corner_front_right,corner_plusX_plusZ,0.9699772135416667,0.03002278645833334,1.2288,640,480
27,N2_mirrored_support,4CamClassic,0,DepthCam_BL,legacy_corner_back_left,corner_minusX_minusZ,0.9730208333333333,0.026979166666666665,1.2288,640,480
27,N2_mirrored_support,4CamClassic,1,DepthCam_BR,legacy_corner_back_right,corner_plusX_minusZ,0.9662890625,0.03371093749999998,1.2288,640,480
27,N2_mirrored_support,4CamClassic,2,DepthCam_FL,legacy_corner_front_left,corner_minusX_plusZ,0.9677604166666667,0.03223958333333332,1.2288,640,480
27,N2_mirrored_support,4CamClassic,3,DepthCam_FR,legacy_corner_front_right,corner_plusX_plusZ,0.9749381510416667,0.0250618489583333,1.2288,640,480
31,N2_mirrored_support,4CamClassic,0,DepthCam_BL,legacy_corner_back_left,corner_minusX_minusZ,0.9762630208333334,0.023736979166666616,1.2288,640,480
31,N2_mirrored_support,4CamClassic,1,DepthCam_BR,legacy_corner_back_right,corner_plusX_minusZ,0.967822265625,0.032177734375000044,1.2288,640,480
31,N2_mirrored_support,4CamClassic,2,DepthCam_FL,legacy_corner_front_left,corner_minusX_plusZ,0.9694563802083334,0.030543619791666643,1.2288,640,480
31,N2_mirrored_support,4CamClassic,3,DepthCam_FR,legacy_corner_front_right,corner_plusX_plusZ,0.9709147135416667,0.029085286458333304,1.2288,640,480
35,N2_mirrored_support,4CamClassic,0,DepthCam_BL,legacy_corner_back_left,corner_minusX_minusZ,0.9719954427083334,0.02800455729166662,1.2288,640,480
35,N2_mirrored_support,4CamClassic,1,DepthCam_BR,legacy_corner_back_right,corner_plusX_minusZ,0.9724283854166667,0.027571614583333348,1.2288,640,480
35,N2_mirrored_support,4CamClassic,2,DepthCam_FL,legacy_corner_front_left,corner_minusX_plusZ,0.96751953125,0.03248046874999999,1.2288,640,480
35,N2_mirrored_support,4CamClassic,3,DepthCam_FR,legacy_corner_front_right,corner_plusX_plusZ,0.970361328125,0.029638671875000022,1.2288,640,480
39,N2_mirrored_support,4CamClassic,0,DepthCam_BL,legacy_corner_back_left,corner_minusX_minusZ,0.9715104166666667,0.02848958333333329,1.2288,640,480
39,N2_mirrored_support,4CamClassic,1,DepthCam_BR,legacy_corner_back_right,corner_plusX_minusZ,0.9698763020833333,0.030123697916666692,1.2288,640,480
39,N2_mirrored_support,4CamClassic,2,DepthCam_FL,legacy_corner_front_left,corner_minusX_plusZ,0.969150390625,0.03084960937500003,1.2288,640,480
39,N2_mirrored_support,4CamClassic,3,DepthCam_FR,legacy_corner_front_right,corner_plusX_plusZ,0.9725065104166667,0.027493489583333308,1.2288,640,480
0,C1_standard_cath,3Cam,0,DepthCam_0,minusZ_high_side,minus_z_wall,0.99244140625,0.007558593750000009,1.2288,640,480
0,C1_standard_cath,3Cam,1,DepthCam_1,plusZ_high_side,plus_z_wall,0.9929915364583334,0.007008463541666621,1.2288,640,480
0,C1_standard_cath,3Cam,2,DepthCam_2,foot_wall_robot_axis,minus_x_wall,0.9624153645833333,0.03758463541666668,1.2288,640,480
4,C1_standard_cath,3Cam,0,DepthCam_0,minusZ_high_side,minus_z_wall,0.9932194010416666,0.006780598958333384,1.2288,640,480
4,C1_standard_cath,3Cam,1,DepthCam_1,plusZ_high_side,plus_z_wall,0.9930078125,0.006992187499999969,1.2288,640,480
4,C1_standard_cath,3Cam,2,DepthCam_2,foot_wall_robot_axis,minus_x_wall,0.9671549479166667,0.032845052083333326,1.2288,640,480
8,C1_standard_cath,3Cam,0,DepthCam_0,minusZ_high_side,minus_z_wall,0.9930924479166666,0.006907552083333379,1.2288,640,480
8,C1_standard_cath,3Cam,1,DepthCam_1,plusZ_high_side,plus_z_wall,0.9930891927083333,0.00691080729166671,1.2288,640,480
8,C1_standard_cath,3Cam,2,DepthCam_2,foot_wall_robot_axis,minus_x_wall,0.9672688802083333,0.03273111979166665,1.2288,640,480
12,C1_standard_cath,3Cam,0,DepthCam_0,minusZ_high_side,minus_z_wall,0.993251953125,0.006748046874999969,1.2288,640,480
12,C1_standard_cath,3Cam,1,DepthCam_1,plusZ_high_side,plus_z_wall,0.993466796875,0.006533203125000053,1.2288,640,480
12,C1_standard_cath,3Cam,2,DepthCam_2,foot_wall_robot_axis,minus_x_wall,0.9671842447916666,0.03281575520833335,1.2288,640,480
16,C1_standard_cath,3Cam,0,DepthCam_0,minusZ_high_side,minus_z_wall,0.9938704427083334,0.006129557291666643,1.2288,640,480
16,C1_standard_cath,3Cam,1,DepthCam_1,plusZ_high_side,plus_z_wall,0.992783203125,0.007216796874999987,1.2288,640,480
16,C1_standard_cath,3Cam,2,DepthCam_2,foot_wall_robot_axis,minus_x_wall,0.9654524739583333,0.034547526041666665,1.2288,640,480
20,C1_standard_cath,3Cam,0,DepthCam_0,minusZ_high_side,minus_z_wall,0.993134765625,0.006865234374999973,1.2288,640,480
20,C1_standard_cath,3Cam,1,DepthCam_1,plusZ_high_side,plus_z_wall,0.9932747395833333,0.006725260416666656,1.2288,640,480
20,C1_standard_cath,3Cam,2,DepthCam_2,foot_wall_robot_axis,minus_x_wall,0.963623046875,0.036376953125,1.2288,640,480
24,C1_standard_cath,3Cam,0,DepthCam_0,minusZ_high_side,minus_z_wall,0.9936686197916667,0.006331380208333348,1.2288,640,480
24,C1_standard_cath,3Cam,1,DepthCam_1,plusZ_high_side,plus_z_wall,0.9927180989583333,0.007281901041666705,1.2288,640,480
24,C1_standard_cath,3Cam,2,DepthCam_2,foot_wall_robot_axis,minus_x_wall,0.9651888020833334,0.03481119791666665,1.2288,640,480
28,C1_standard_cath,3Cam,0,DepthCam_0,minusZ_high_side,minus_z_wall,0.993779296875,0.0062207031250000044,1.2288,640,480
28,C1_standard_cath,3Cam,1,DepthCam_1,plusZ_high_side,plus_z_wall,0.9932096354166666,0.006790364583333375,1.2288,640,480
28,C1_standard_cath,3Cam,2,DepthCam_2,foot_wall_robot_axis,minus_x_wall,0.9628873697916667,0.03711263020833333,1.2288,640,480
32,C1_standard_cath,3Cam,0,DepthCam_0,minusZ_high_side,minus_z_wall,0.9934309895833333,0.006569010416666687,1.2288,640,480
32,C1_standard_cath,3Cam,1,DepthCam_1,plusZ_high_side,plus_z_wall,0.9930859375,0.00691406250000004,1.2288,640,480
32,C1_standard_cath,3Cam,2,DepthCam_2,foot_wall_robot_axis,minus_x_wall,0.9616178385416667,0.038382161458333286,1.2288,640,480
36,C1_standard_cath,3Cam,0,DepthCam_0,minusZ_high_side,minus_z_wall,0.993310546875,0.006689453125000022,1.2288,640,480
36,C1_standard_cath,3Cam,1,DepthCam_1,plusZ_high_side,plus_z_wall,0.993095703125,0.006904296875000049,1.2288,640,480
36,C1_standard_cath,3Cam,2,DepthCam_2,foot_wall_robot_axis,minus_x_wall,0.962060546875,0.03793945312500002,1.2288,640,480
1,N1_mirrored_head,3Cam,0,DepthCam_0,minusZ_high_side,minus_z_wall,0.9911002604166667,0.008899739583333344,1.2288,640,480
1,N1_mirrored_head,3Cam,1,DepthCam_1,plusZ_high_side,plus_z_wall,0.9940950520833334,0.005904947916666625,1.2288,640,480
1,N1_mirrored_head,3Cam,2,DepthCam_2,foot_wall_robot_axis,minus_x_wall,0.9650748697916667,0.03492513020833332,1.2288,640,480
5,N1_mirrored_head,3Cam,0,DepthCam_0,minusZ_high_side,minus_z_wall,0.9910709635416667,0.008929036458333317,1.2288,640,480
5,N1_mirrored_head,3Cam,1,DepthCam_1,plusZ_high_side,plus_z_wall,0.9936002604166667,0.006399739583333286,1.2288,640,480
5,N1_mirrored_head,3Cam,2,DepthCam_2,foot_wall_robot_axis,minus_x_wall,0.9635123697916667,0.036487630208333344,1.2288,640,480
9,N1_mirrored_head,3Cam,0,DepthCam_0,minusZ_high_side,minus_z_wall,0.9915787760416667,0.008421223958333335,1.2288,640,480
9,N1_mirrored_head,3Cam,1,DepthCam_1,plusZ_high_side,plus_z_wall,0.993974609375,0.00602539062499996,1.2288,640,480
9,N1_mirrored_head,3Cam,2,DepthCam_2,foot_wall_robot_axis,minus_x_wall,0.9648046875,0.035195312499999964,1.2288,640,480
13,N1_mirrored_head,3Cam,0,DepthCam_0,minusZ_high_side,minus_z_wall,0.9909342447916667,0.009065755208333304,1.2288,640,480
13,N1_mirrored_head,3Cam,1,DepthCam_1,plusZ_high_side,plus_z_wall,0.9939192708333333,0.006080729166666687,1.2288,640,480
13,N1_mirrored_head,3Cam,2,DepthCam_2,foot_wall_robot_axis,minus_x_wall,0.9648111979166667,0.035188802083333304,1.2288,640,480
17,N1_mirrored_head,3Cam,0,DepthCam_0,minusZ_high_side,minus_z_wall,0.9911100260416666,0.008889973958333353,1.2288,640,480
17,N1_mirrored_head,3Cam,1,DepthCam_1,plusZ_high_side,plus_z_wall,0.9937923177083333,0.006207682291666683,1.2288,640,480
17,N1_mirrored_head,3Cam,2,DepthCam_2,foot_wall_robot_axis,minus_x_wall,0.966884765625,0.03311523437499997,1.2288,640,480
21,N1_mirrored_head,3Cam,0,DepthCam_0,minusZ_high_side,minus_z_wall,0.991044921875,0.00895507812499996,1.2288,640,480
21,N1_mirrored_head,3Cam,1,DepthCam_1,plusZ_high_side,plus_z_wall,0.9937369791666667,0.006263020833333299,1.2288,640,480
21,N1_mirrored_head,3Cam,2,DepthCam_2,foot_wall_robot_axis,minus_x_wall,0.965087890625,0.034912109375,1.2288,640,480
25,N1_mirrored_head,3Cam,0,DepthCam_0,minusZ_high_side,minus_z_wall,0.9908333333333333,0.009166666666666656,1.2288,640,480
25,N1_mirrored_head,3Cam,1,DepthCam_1,plusZ_high_side,plus_z_wall,0.993935546875,0.0060644531250000355,1.2288,640,480
25,N1_mirrored_head,3Cam,2,DepthCam_2,foot_wall_robot_axis,minus_x_wall,0.9647688802083333,0.03523111979166671,1.2288,640,480
29,N1_mirrored_head,3Cam,0,DepthCam_0,minusZ_high_side,minus_z_wall,0.9914192708333334,0.008580729166666634,1.2288,640,480
29,N1_mirrored_head,3Cam,1,DepthCam_1,plusZ_high_side,plus_z_wall,0.993671875,0.006328125000000018,1.2288,640,480
29,N1_mirrored_head,3Cam,2,DepthCam_2,foot_wall_robot_axis,minus_x_wall,0.9667708333333334,0.03322916666666664,1.2288,640,480
33,N1_mirrored_head,3Cam,0,DepthCam_0,minusZ_high_side,minus_z_wall,0.9912467447916666,0.008753255208333366,1.2288,640,480
33,N1_mirrored_head,3Cam,1,DepthCam_1,plusZ_high_side,plus_z_wall,0.9936100260416667,0.006389973958333295,1.2288,640,480
33,N1_mirrored_head,3Cam,2,DepthCam_2,foot_wall_robot_axis,minus_x_wall,0.96951171875,0.030488281250000027,1.2288,640,480
37,N1_mirrored_head,3Cam,0,DepthCam_0,minusZ_high_side,minus_z_wall,0.9906640625,0.009335937499999947,1.2288,640,480
37,N1_mirrored_head,3Cam,1,DepthCam_1,plusZ_high_side,plus_z_wall,0.9937337239583334,0.00626627604166663,1.2288,640,480
37,N1_mirrored_head,3Cam,2,DepthCam_2,foot_wall_robot_axis,minus_x_wall,0.9617838541666667,0.038216145833333326,1.2288,640,480
2,C2_radial_echo,3Cam,0,DepthCam_0,minusZ_high_side,minus_z_wall,0.9927897135416667,0.007210286458333326,1.2288,640,480
2,C2_radial_echo,3Cam,1,DepthCam_1,plusZ_high_side,plus_z_wall,0.9929296875,0.007070312500000009,1.2288,640,480
2,C2_radial_echo,3Cam,2,DepthCam_2,foot_wall_robot_axis,minus_x_wall,0.9645930989583333,0.03540690104166666,1.2288,640,480
6,C2_radial_echo,3Cam,0,DepthCam_0,minusZ_high_side,minus_z_wall,0.9935123697916667,0.006487630208333317,1.2288,640,480
6,C2_radial_echo,3Cam,1,DepthCam_1,plusZ_high_side,plus_z_wall,0.9931705729166667,0.006829427083333339,1.2288,640,480
6,C2_radial_echo,3Cam,2,DepthCam_2,foot_wall_robot_axis,minus_x_wall,0.9623958333333333,0.03760416666666666,1.2288,640,480
10,C2_radial_echo,3Cam,0,DepthCam_0,minusZ_high_side,minus_z_wall,0.9928190104166666,0.007180989583333353,1.2288,640,480
10,C2_radial_echo,3Cam,1,DepthCam_1,plusZ_high_side,plus_z_wall,0.9929036458333333,0.007096354166666652,1.2288,640,480
10,C2_radial_echo,3Cam,2,DepthCam_2,foot_wall_robot_axis,minus_x_wall,0.9655598958333333,0.03444010416666665,1.2288,640,480
14,C2_radial_echo,3Cam,0,DepthCam_0,minusZ_high_side,minus_z_wall,0.9931022135416666,0.006897786458333388,1.2288,640,480
14,C2_radial_echo,3Cam,1,DepthCam_1,plusZ_high_side,plus_z_wall,0.9930891927083333,0.00691080729166671,1.2288,640,480
14,C2_radial_echo,3Cam,2,DepthCam_2,foot_wall_robot_axis,minus_x_wall,0.9660416666666667,0.03395833333333331,1.2288,640,480
18,C2_radial_echo,3Cam,0,DepthCam_0,minusZ_high_side,minus_z_wall,0.99283203125,0.007167968750000031,1.2288,640,480
18,C2_radial_echo,3Cam,1,DepthCam_1,plusZ_high_side,plus_z_wall,0.992998046875,0.00700195312499996,1.2288,640,480
18,C2_radial_echo,3Cam,2,DepthCam_2,foot_wall_robot_axis,minus_x_wall,0.963818359375,0.036181640624999956,1.2288,640,480
22,C2_radial_echo,3Cam,0,DepthCam_0,minusZ_high_side,minus_z_wall,0.9930533854166667,0.006946614583333344,1.2288,640,480
22,C2_radial_echo,3Cam,1,DepthCam_1,plusZ_high_side,plus_z_wall,0.9931770833333333,0.0068229166666666785,1.2288,640,480
22,C2_radial_echo,3Cam,2,DepthCam_2,foot_wall_robot_axis,minus_x_wall,0.9695703125,0.03042968749999997,1.2288,640,480
26,C2_radial_echo,3Cam,0,DepthCam_0,minusZ_high_side,minus_z_wall,0.9933528645833334,0.006647135416666616,1.2288,640,480
26,C2_radial_echo,3Cam,1,DepthCam_1,plusZ_high_side,plus_z_wall,0.9927799479166667,0.007220052083333317,1.2288,640,480
26,C2_radial_echo,3Cam,2,DepthCam_2,foot_wall_robot_axis,minus_x_wall,0.9651822916666667,0.03481770833333331,1.2288,640,480
30,C2_radial_echo,3Cam,0,DepthCam_0,minusZ_high_side,minus_z_wall,0.992919921875,0.007080078125,1.2288,640,480
30,C2_radial_echo,3Cam,1,DepthCam_1,plusZ_high_side,plus_z_wall,0.992958984375,0.0070410156250000355,1.2288,640,480
30,C2_radial_echo,3Cam,2,DepthCam_2,foot_wall_robot_axis,minus_x_wall,0.9624544270833333,0.037545572916666714,1.2288,640,480
34,C2_radial_echo,3Cam,0,DepthCam_0,minusZ_high_side,minus_z_wall,0.9929361979166667,0.007063802083333348,1.2288,640,480
34,C2_radial_echo,3Cam,1,DepthCam_1,plusZ_high_side,plus_z_wall,0.9926139322916666,0.007386067708333388,1.2288,640,480
34,C2_radial_echo,3Cam,2,DepthCam_2,foot_wall_robot_axis,minus_x_wall,0.9648600260416667,0.03513997395833335,1.2288,640,480
38,C2_radial_echo,3Cam,0,DepthCam_0,minusZ_high_side,minus_z_wall,0.9922265625,0.0077734375000000355,1.2288,640,480
38,C2_radial_echo,3Cam,1,DepthCam_1,plusZ_high_side,plus_z_wall,0.9930013020833334,0.00699869791666663,1.2288,640,480
38,C2_radial_echo,3Cam,2,DepthCam_2,foot_wall_robot_axis,minus_x_wall,0.9632649739583333,0.036735026041666674,1.2288,640,480
3,N2_mirrored_support,3Cam,0,DepthCam_0,minusZ_high_side,minus_z_wall,0.991181640625,0.008818359374999973,1.2288,640,480
3,N2_mirrored_support,3Cam,1,DepthCam_1,plusZ_high_side,plus_z_wall,0.9933463541666666,0.006653645833333388,1.2288,640,480
3,N2_mirrored_support,3Cam,2,DepthCam_2,foot_wall_robot_axis,minus_x_wall,0.9628287760416666,0.03717122395833339,1.2288,640,480
7,N2_mirrored_support,3Cam,0,DepthCam_0,minusZ_high_side,minus_z_wall,0.9910123697916666,0.008987630208333375,1.2288,640,480
7,N2_mirrored_support,3Cam,1,DepthCam_1,plusZ_high_side,plus_z_wall,0.9936002604166667,0.006399739583333286,1.2288,640,480
7,N2_mirrored_support,3Cam,2,DepthCam_2,foot_wall_robot_axis,minus_x_wall,0.9695475260416667,0.03045247395833328,1.2288,640,480
11,N2_mirrored_support,3Cam,0,DepthCam_0,minusZ_high_side,minus_z_wall,0.9911328125,0.00886718750000004,1.2288,640,480
11,N2_mirrored_support,3Cam,1,DepthCam_1,plusZ_high_side,plus_z_wall,0.993544921875,0.006455078125000013,1.2288,640,480
11,N2_mirrored_support,3Cam,2,DepthCam_2,foot_wall_robot_axis,minus_x_wall,0.9696744791666667,0.030325520833333286,1.2288,640,480
15,N2_mirrored_support,3Cam,0,DepthCam_0,minusZ_high_side,minus_z_wall,0.9921419270833334,0.007858072916666625,1.2288,640,480
15,N2_mirrored_support,3Cam,1,DepthCam_1,plusZ_high_side,plus_z_wall,0.9941145833333334,0.005885416666666643,1.2288,640,480
15,N2_mirrored_support,3Cam,2,DepthCam_2,foot_wall_robot_axis,minus_x_wall,0.9640852864583334,0.03591471354166664,1.2288,640,480
19,N2_mirrored_support,3Cam,0,DepthCam_0,minusZ_high_side,minus_z_wall,0.9908365885416667,0.009163411458333326,1.2288,640,480
19,N2_mirrored_support,3Cam,1,DepthCam_1,plusZ_high_side,plus_z_wall,0.9936946614583333,0.006305338541666705,1.2288,640,480
19,N2_mirrored_support,3Cam,2,DepthCam_2,foot_wall_robot_axis,minus_x_wall,0.9640983072916667,0.03590169270833332,1.2288,640,480
23,N2_mirrored_support,3Cam,0,DepthCam_0,minusZ_high_side,minus_z_wall,0.991357421875,0.008642578125000022,1.2288,640,480
23,N2_mirrored_support,3Cam,1,DepthCam_1,plusZ_high_side,plus_z_wall,0.99404296875,0.005957031250000022,1.2288,640,480
23,N2_mirrored_support,3Cam,2,DepthCam_2,foot_wall_robot_axis,minus_x_wall,0.9637630208333333,0.03623697916666668,1.2288,640,480
27,N2_mirrored_support,3Cam,0,DepthCam_0,minusZ_high_side,minus_z_wall,0.990703125,0.009296874999999982,1.2288,640,480
27,N2_mirrored_support,3Cam,1,DepthCam_1,plusZ_high_side,plus_z_wall,0.9932389322916667,0.00676106770833329,1.2288,640,480
27,N2_mirrored_support,3Cam,2,DepthCam_2,foot_wall_robot_axis,minus_x_wall,0.9645963541666667,0.03540364583333333,1.2288,640,480
31,N2_mirrored_support,3Cam,0,DepthCam_0,minusZ_high_side,minus_z_wall,0.9917154947916667,0.008284505208333348,1.2288,640,480
31,N2_mirrored_support,3Cam,1,DepthCam_1,plusZ_high_side,plus_z_wall,0.9936328125,0.006367187499999982,1.2288,640,480
31,N2_mirrored_support,3Cam,2,DepthCam_2,foot_wall_robot_axis,minus_x_wall,0.967177734375,0.03282226562500001,1.2288,640,480
35,N2_mirrored_support,3Cam,0,DepthCam_0,minusZ_high_side,minus_z_wall,0.9908528645833333,0.009147135416666674,1.2288,640,480
35,N2_mirrored_support,3Cam,1,DepthCam_1,plusZ_high_side,plus_z_wall,0.99392578125,0.006074218750000027,1.2288,640,480
35,N2_mirrored_support,3Cam,2,DepthCam_2,foot_wall_robot_axis,minus_x_wall,0.964423828125,0.03557617187499995,1.2288,640,480
39,N2_mirrored_support,3Cam,0,DepthCam_0,minusZ_high_side,minus_z_wall,0.9914420572916667,0.008557942708333321,1.2288,640,480
39,N2_mirrored_support,3Cam,1,DepthCam_1,plusZ_high_side,plus_z_wall,0.9936197916666667,0.006380208333333304,1.2288,640,480
39,N2_mirrored_support,3Cam,2,DepthCam_2,foot_wall_robot_axis,minus_x_wall,0.9661100260416666,0.033889973958333375,1.2288,640,480
0,C1_standard_cath,4CamAsym,0,DepthCam_0,foot_wall_robot_axis,minus_x_wall,0.9624088541666667,0.03759114583333334,1.2288,640,480
0,C1_standard_cath,4CamAsym,1,DepthCam_1,head_wall_anesthesia_axis,plus_x_wall,0.9579361979166666,0.04206380208333338,1.2288,640,480
0,C1_standard_cath,4CamAsym,2,DepthCam_2,minusZ_high_side_clear_tv,minus_z_wall,0.9923958333333334,0.007604166666666634,1.2288,640,480
0,C1_standard_cath,4CamAsym,3,DepthCam_3,plusZ_high_side,plus_z_wall,0.992861328125,0.007138671874999947,1.2288,640,480
4,C1_standard_cath,4CamAsym,0,DepthCam_0,foot_wall_robot_axis,minus_x_wall,0.9669921875,0.033007812499999956,1.2288,640,480
4,C1_standard_cath,4CamAsym,1,DepthCam_1,head_wall_anesthesia_axis,plus_x_wall,0.96052734375,0.03947265624999996,1.2288,640,480
4,C1_standard_cath,4CamAsym,2,DepthCam_2,minusZ_high_side_clear_tv,minus_z_wall,0.9932194010416666,0.006780598958333384,1.2288,640,480
4,C1_standard_cath,4CamAsym,3,DepthCam_3,plusZ_high_side,plus_z_wall,0.9930924479166666,0.006907552083333379,1.2288,640,480
8,C1_standard_cath,4CamAsym,0,DepthCam_0,foot_wall_robot_axis,minus_x_wall,0.96705078125,0.03294921875000001,1.2288,640,480
8,C1_standard_cath,4CamAsym,1,DepthCam_1,head_wall_anesthesia_axis,plus_x_wall,0.9602311197916666,0.03976888020833336,1.2288,640,480
8,C1_standard_cath,4CamAsym,2,DepthCam_2,minusZ_high_side_clear_tv,minus_z_wall,0.9928938802083334,0.007106119791666643,1.2288,640,480
8,C1_standard_cath,4CamAsym,3,DepthCam_3,plusZ_high_side,plus_z_wall,0.99337890625,0.006621093749999973,1.2288,640,480
12,C1_standard_cath,4CamAsym,0,DepthCam_0,foot_wall_robot_axis,minus_x_wall,0.9671712239583333,0.032828776041666674,1.2288,640,480
12,C1_standard_cath,4CamAsym,1,DepthCam_1,head_wall_anesthesia_axis,plus_x_wall,0.961689453125,0.03831054687500002,1.2288,640,480
12,C1_standard_cath,4CamAsym,2,DepthCam_2,minusZ_high_side_clear_tv,minus_z_wall,0.9932259114583334,0.006774088541666612,1.2288,640,480
12,C1_standard_cath,4CamAsym,3,DepthCam_3,plusZ_high_side,plus_z_wall,0.9933658854166667,0.006634114583333295,1.2288,640,480
16,C1_standard_cath,4CamAsym,0,DepthCam_0,foot_wall_robot_axis,minus_x_wall,0.9653580729166666,0.03464192708333336,1.2288,640,480
16,C1_standard_cath,4CamAsym,1,DepthCam_1,head_wall_anesthesia_axis,plus_x_wall,0.9628776041666667,0.03712239583333332,1.2288,640,480
16,C1_standard_cath,4CamAsym,2,DepthCam_2,minusZ_high_side_clear_tv,minus_z_wall,0.9936588541666667,0.006341145833333339,1.2288,640,480
16,C1_standard_cath,4CamAsym,3,DepthCam_3,plusZ_high_side,plus_z_wall,0.9929296875,0.007070312500000009,1.2288,640,480
20,C1_standard_cath,4CamAsym,0,DepthCam_0,foot_wall_robot_axis,minus_x_wall,0.9634342447916666,0.036565755208333384,1.2288,640,480
20,C1_standard_cath,4CamAsym,1,DepthCam_1,head_wall_anesthesia_axis,plus_x_wall,0.9632552083333333,0.036744791666666665,1.2288,640,480
20,C1_standard_cath,4CamAsym,2,DepthCam_2,minusZ_high_side_clear_tv,minus_z_wall,0.9930729166666666,0.0069270833333333615,1.2288,640,480
20,C1_standard_cath,4CamAsym,3,DepthCam_3,plusZ_high_side,plus_z_wall,0.9929264322916667,0.007073567708333339,1.2288,640,480
24,C1_standard_cath,4CamAsym,0,DepthCam_0,foot_wall_robot_axis,minus_x_wall,0.9653352864583333,0.03466471354166667,1.2288,640,480
24,C1_standard_cath,4CamAsym,1,DepthCam_1,head_wall_anesthesia_axis,plus_x_wall,0.9632747395833333,0.03672526041666668,1.2288,640,480
24,C1_standard_cath,4CamAsym,2,DepthCam_2,minusZ_high_side_clear_tv,minus_z_wall,0.99369140625,0.0063085937500000355,1.2288,640,480
24,C1_standard_cath,4CamAsym,3,DepthCam_3,plusZ_high_side,plus_z_wall,0.9931705729166667,0.006829427083333339,1.2288,640,480
28,C1_standard_cath,4CamAsym,0,DepthCam_0,foot_wall_robot_axis,minus_x_wall,0.9629296875,0.037070312500000036,1.2288,640,480
28,C1_standard_cath,4CamAsym,1,DepthCam_1,head_wall_anesthesia_axis,plus_x_wall,0.9605045572916666,0.039495442708333384,1.2288,640,480
28,C1_standard_cath,4CamAsym,2,DepthCam_2,minusZ_high_side_clear_tv,minus_z_wall,0.9935416666666667,0.006458333333333344,1.2288,640,480
28,C1_standard_cath,4CamAsym,3,DepthCam_3,plusZ_high_side,plus_z_wall,0.9927994791666667,0.007200520833333335,1.2288,640,480
32,C1_standard_cath,4CamAsym,0,DepthCam_0,foot_wall_robot_axis,minus_x_wall,0.9615950520833333,0.03840494791666671,1.2288,640,480
32,C1_standard_cath,4CamAsym,1,DepthCam_1,head_wall_anesthesia_axis,plus_x_wall,0.9580729166666667,0.04192708333333328,1.2288,640,480
32,C1_standard_cath,4CamAsym,2,DepthCam_2,minusZ_high_side_clear_tv,minus_z_wall,0.9935611979166666,0.0064388020833333615,1.2288,640,480
32,C1_standard_cath,4CamAsym,3,DepthCam_3,plusZ_high_side,plus_z_wall,0.992802734375,0.0071972656250000044,1.2288,640,480
36,C1_standard_cath,4CamAsym,0,DepthCam_0,foot_wall_robot_axis,minus_x_wall,0.962080078125,0.03791992187500004,1.2288,640,480
36,C1_standard_cath,4CamAsym,1,DepthCam_1,head_wall_anesthesia_axis,plus_x_wall,0.9591080729166667,0.040891927083333335,1.2288,640,480
36,C1_standard_cath,4CamAsym,2,DepthCam_2,minusZ_high_side_clear_tv,minus_z_wall,0.9935091145833334,0.006490885416666647,1.2288,640,480
36,C1_standard_cath,4CamAsym,3,DepthCam_3,plusZ_high_side,plus_z_wall,0.9932877604166667,0.006712239583333335,1.2288,640,480
1,N1_mirrored_head,4CamAsym,0,DepthCam_0,foot_wall_robot_axis,minus_x_wall,0.9648502604166667,0.03514973958333334,1.2288,640,480
1,N1_mirrored_head,4CamAsym,1,DepthCam_1,head_wall_anesthesia_axis,plus_x_wall,0.9584342447916666,0.04156575520833339,1.2288,640,480
1,N1_mirrored_head,4CamAsym,2,DepthCam_2,minusZ_high_side_clear_tv,minus_z_wall,0.9912109375,0.0087890625,1.2288,640,480
1,N1_mirrored_head,4CamAsym,3,DepthCam_3,plusZ_high_side,plus_z_wall,0.994189453125,0.005810546875000044,1.2288,640,480
5,N1_mirrored_head,4CamAsym,0,DepthCam_0,foot_wall_robot_axis,minus_x_wall,0.9639680989583334,0.03603190104166665,1.2288,640,480
5,N1_mirrored_head,4CamAsym,1,DepthCam_1,head_wall_anesthesia_axis,plus_x_wall,0.9577571614583333,0.04224283854166666,1.2288,640,480
5,N1_mirrored_head,4CamAsym,2,DepthCam_2,minusZ_high_side_clear_tv,minus_z_wall,0.9910677083333334,0.008932291666666647,1.2288,640,480
5,N1_mirrored_head,4CamAsym,3,DepthCam_3,plusZ_high_side,plus_z_wall,0.9935807291666666,0.006419270833333379,1.2288,640,480
9,N1_mirrored_head,4CamAsym,0,DepthCam_0,foot_wall_robot_axis,minus_x_wall,0.9643880208333333,0.035611979166666696,1.2288,640,480
9,N1_mirrored_head,4CamAsym,1,DepthCam_1,head_wall_anesthesia_axis,plus_x_wall,0.959228515625,0.040771484375,1.2288,640,480
9,N1_mirrored_head,4CamAsym,2,DepthCam_2,minusZ_high_side_clear_tv,minus_z_wall,0.9917708333333334,0.00822916666666662,1.2288,640,480
9,N1_mirrored_head,4CamAsym,3,DepthCam_3,plusZ_high_side,plus_z_wall,0.9940983072916667,0.005901692708333295,1.2288,640,480
13,N1_mirrored_head,4CamAsym,0,DepthCam_0,foot_wall_robot_axis,minus_x_wall,0.9649055989583334,0.03509440104166661,1.2288,640,480
13,N1_mirrored_head,4CamAsym,1,DepthCam_1,head_wall_anesthesia_axis,plus_x_wall,0.95974609375,0.04025390625000003,1.2288,640,480
13,N1_mirrored_head,4CamAsym,2,DepthCam_2,minusZ_high_side_clear_tv,minus_z_wall,0.99107421875,0.008925781249999987,1.2288,640,480
13,N1_mirrored_head,4CamAsym,3,DepthCam_3,plusZ_high_side,plus_z_wall,0.9939908854166667,0.006009114583333308,1.2288,640,480
17,N1_mirrored_head,4CamAsym,0,DepthCam_0,foot_wall_robot_axis,minus_x_wall,0.9670279947916667,0.03297200520833332,1.2288,640,480
17,N1_mirrored_head,4CamAsym,1,DepthCam_1,head_wall_anesthesia_axis,plus_x_wall,0.9620963541666666,0.03790364583333339,1.2288,640,480
17,N1_mirrored_head,4CamAsym,2,DepthCam_2,minusZ_high_side_clear_tv,minus_z_wall,0.9914811197916666,0.008518880208333357,1.2288,640,480
17,N1_mirrored_head,4CamAsym,3,DepthCam_3,plusZ_high_side,plus_z_wall,0.9941373697916667,0.00586263020833333,1.2288,640,480
21,N1_mirrored_head,4CamAsym,0,DepthCam_0,foot_wall_robot_axis,minus_x_wall,0.9651725260416667,0.0348274739583333,1.2288,640,480
21,N1_mirrored_head,4CamAsym,1,DepthCam_1,head_wall_anesthesia_axis,plus_x_wall,0.9574934895833334,0.04250651041666664,1.2288,640,480
21,N1_mirrored_head,4CamAsym,2,DepthCam_2,minusZ_high_side_clear_tv,minus_z_wall,0.9910774739583333,0.008922526041666656,1.2288,640,480
21,N1_mirrored_head,4CamAsym,3,DepthCam_3,plusZ_high_side,plus_z_wall,0.9937890625,0.006210937500000013,1.2288,640,480
25,N1_mirrored_head,4CamAsym,0,DepthCam_0,foot_wall_robot_axis,minus_x_wall,0.9646744791666667,0.03532552083333329,1.2288,640,480
25,N1_mirrored_head,4CamAsym,1,DepthCam_1,head_wall_anesthesia_axis,plus_x_wall,0.9589713541666667,0.04102864583333332,1.2288,640,480
25,N1_mirrored_head,4CamAsym,2,DepthCam_2,minusZ_high_side_clear_tv,minus_z_wall,0.9905891927083333,0.009410807291666656,1.2288,640,480
25,N1_mirrored_head,4CamAsym,3,DepthCam_3,plusZ_high_side,plus_z_wall,0.9937239583333334,0.006276041666666621,1.2288,640,480
29,N1_mirrored_head,4CamAsym,0,DepthCam_0,foot_wall_robot_axis,minus_x_wall,0.9668489583333333,0.033151041666666714,1.2288,640,480
29,N1_mirrored_head,4CamAsym,1,DepthCam_1,head_wall_anesthesia_axis,plus_x_wall,0.963583984375,0.036416015624999964,1.2288,640,480
29,N1_mirrored_head,4CamAsym,2,DepthCam_2,minusZ_high_side_clear_tv,minus_z_wall,0.991240234375,0.008759765625000027,1.2288,640,480
29,N1_mirrored_head,4CamAsym,3,DepthCam_3,plusZ_high_side,plus_z_wall,0.9934114583333333,0.00658854166666667,1.2288,640,480
33,N1_mirrored_head,4CamAsym,0,DepthCam_0,foot_wall_robot_axis,minus_x_wall,0.96947265625,0.03052734374999999,1.2288,640,480
33,N1_mirrored_head,4CamAsym,1,DepthCam_1,head_wall_anesthesia_axis,plus_x_wall,0.9626139322916667,0.037386067708333304,1.2288,640,480
33,N1_mirrored_head,4CamAsym,2,DepthCam_2,minusZ_high_side_clear_tv,minus_z_wall,0.9913736979166666,0.00862630208333337,1.2288,640,480
33,N1_mirrored_head,4CamAsym,3,DepthCam_3,plusZ_high_side,plus_z_wall,0.9938053385416666,0.0061946614583333615,1.2288,640,480
37,N1_mirrored_head,4CamAsym,0,DepthCam_0,foot_wall_robot_axis,minus_x_wall,0.9620084635416667,0.03799153645833331,1.2288,640,480
37,N1_mirrored_head,4CamAsym,1,DepthCam_1,head_wall_anesthesia_axis,plus_x_wall,0.9574576822916666,0.04254231770833339,1.2288,640,480
37,N1_mirrored_head,4CamAsym,2,DepthCam_2,minusZ_high_side_clear_tv,minus_z_wall,0.991044921875,0.00895507812499996,1.2288,640,480
37,N1_mirrored_head,4CamAsym,3,DepthCam_3,plusZ_high_side,plus_z_wall,0.9936946614583333,0.006305338541666705,1.2288,640,480
2,C2_radial_echo,4CamAsym,0,DepthCam_0,foot_wall_robot_axis,minus_x_wall,0.9642220052083333,0.035777994791666656,1.2288,640,480
2,C2_radial_echo,4CamAsym,1,DepthCam_1,head_wall_anesthesia_axis,plus_x_wall,0.9593424479166667,0.040657552083333326,1.2288,640,480
2,C2_radial_echo,4CamAsym,2,DepthCam_2,minusZ_high_side_clear_tv,minus_z_wall,0.9926302083333334,0.007369791666666625,1.2288,640,480
2,C2_radial_echo,4CamAsym,3,DepthCam_3,plusZ_high_side,plus_z_wall,0.99267578125,0.00732421875,1.2288,640,480
6,C2_radial_echo,4CamAsym,0,DepthCam_0,foot_wall_robot_axis,minus_x_wall,0.9623990885416667,0.03760091145833333,1.2288,640,480
6,C2_radial_echo,4CamAsym,1,DepthCam_1,head_wall_anesthesia_axis,plus_x_wall,0.9599088541666667,0.040091145833333286,1.2288,640,480
6,C2_radial_echo,4CamAsym,2,DepthCam_2,minusZ_high_side_clear_tv,minus_z_wall,0.993291015625,0.0067089843750000044,1.2288,640,480
6,C2_radial_echo,4CamAsym,3,DepthCam_3,plusZ_high_side,plus_z_wall,0.9928059895833333,0.007194010416666674,1.2288,640,480
10,C2_radial_echo,4CamAsym,0,DepthCam_0,foot_wall_robot_axis,minus_x_wall,0.9652669270833333,0.03473307291666672,1.2288,640,480
10,C2_radial_echo,4CamAsym,1,DepthCam_1,head_wall_anesthesia_axis,plus_x_wall,0.9626627604166667,0.03733723958333335,1.2288,640,480
10,C2_radial_echo,4CamAsym,2,DepthCam_2,minusZ_high_side_clear_tv,minus_z_wall,0.9926204427083334,0.007379557291666616,1.2288,640,480
10,C2_radial_echo,4CamAsym,3,DepthCam_3,plusZ_high_side,plus_z_wall,0.9932486979166667,0.006751302083333299,1.2288,640,480
14,C2_radial_echo,4CamAsym,0,DepthCam_0,foot_wall_robot_axis,minus_x_wall,0.9656770833333334,0.03432291666666665,1.2288,640,480
14,C2_radial_echo,4CamAsym,1,DepthCam_1,head_wall_anesthesia_axis,plus_x_wall,0.960341796875,0.03965820312500001,1.2288,640,480
14,C2_radial_echo,4CamAsym,2,DepthCam_2,minusZ_high_side_clear_tv,minus_z_wall,0.992900390625,0.007099609374999982,1.2288,640,480
14,C2_radial_echo,4CamAsym,3,DepthCam_3,plusZ_high_side,plus_z_wall,0.992958984375,0.0070410156250000355,1.2288,640,480
18,C2_radial_echo,4CamAsym,0,DepthCam_0,foot_wall_robot_axis,minus_x_wall,0.9635286458333333,0.03647135416666669,1.2288,640,480
18,C2_radial_echo,4CamAsym,1,DepthCam_1,head_wall_anesthesia_axis,plus_x_wall,0.9610384114583334,0.03896158854166665,1.2288,640,480
18,C2_radial_echo,4CamAsym,2,DepthCam_2,minusZ_high_side_clear_tv,minus_z_wall,0.9931217447916667,0.006878255208333295,1.2288,640,480
18,C2_radial_echo,4CamAsym,3,DepthCam_3,plusZ_high_side,plus_z_wall,0.9931901041666666,0.006809895833333357,1.2288,640,480
22,C2_radial_echo,4CamAsym,0,DepthCam_0,foot_wall_robot_axis,minus_x_wall,0.9697395833333333,0.03026041666666668,1.2288,640,480
22,C2_radial_echo,4CamAsym,1,DepthCam_1,head_wall_anesthesia_axis,plus_x_wall,0.961162109375,0.03883789062499998,1.2288,640,480
22,C2_radial_echo,4CamAsym,2,DepthCam_2,minusZ_high_side_clear_tv,minus_z_wall,0.9928873697916667,0.007112630208333304,1.2288,640,480
22,C2_radial_echo,4CamAsym,3,DepthCam_3,plusZ_high_side,plus_z_wall,0.993310546875,0.006689453125000022,1.2288,640,480
26,C2_radial_echo,4CamAsym,0,DepthCam_0,foot_wall_robot_axis,minus_x_wall,0.965009765625,0.03499023437500004,1.2288,640,480
26,C2_radial_echo,4CamAsym,1,DepthCam_1,head_wall_anesthesia_axis,plus_x_wall,0.9609342447916667,0.03906575520833333,1.2288,640,480
26,C2_radial_echo,4CamAsym,2,DepthCam_2,minusZ_high_side_clear_tv,minus_z_wall,0.9934016927083333,0.006598307291666661,1.2288,640,480
26,C2_radial_echo,4CamAsym,3,DepthCam_3,plusZ_high_side,plus_z_wall,0.9930729166666666,0.0069270833333333615,1.2288,640,480
30,C2_radial_echo,4CamAsym,0,DepthCam_0,foot_wall_robot_axis,minus_x_wall,0.962548828125,0.03745117187500002,1.2288,640,480
30,C2_radial_echo,4CamAsym,1,DepthCam_1,head_wall_anesthesia_axis,plus_x_wall,0.9590950520833333,0.040904947916666656,1.2288,640,480
30,C2_radial_echo,4CamAsym,2,DepthCam_2,minusZ_high_side_clear_tv,minus_z_wall,0.9930208333333334,0.006979166666666647,1.2288,640,480
30,C2_radial_echo,4CamAsym,3,DepthCam_3,plusZ_high_side,plus_z_wall,0.9934700520833334,0.006529947916666612,1.2288,640,480
34,C2_radial_echo,4CamAsym,0,DepthCam_0,foot_wall_robot_axis,minus_x_wall,0.9649869791666666,0.03501302083333335,1.2288,640,480
34,C2_radial_echo,4CamAsym,1,DepthCam_1,head_wall_anesthesia_axis,plus_x_wall,0.962099609375,0.03790039062499995,1.2288,640,480
34,C2_radial_echo,4CamAsym,2,DepthCam_2,minusZ_high_side_clear_tv,minus_z_wall,0.99314453125,0.006855468749999982,1.2288,640,480
34,C2_radial_echo,4CamAsym,3,DepthCam_3,plusZ_high_side,plus_z_wall,0.99296875,0.007031250000000044,1.2288,640,480
38,C2_radial_echo,4CamAsym,0,DepthCam_0,foot_wall_robot_axis,minus_x_wall,0.9631966145833334,0.03680338541666661,1.2288,640,480
38,C2_radial_echo,4CamAsym,1,DepthCam_1,head_wall_anesthesia_axis,plus_x_wall,0.9592578125,0.04074218750000003,1.2288,640,480
38,C2_radial_echo,4CamAsym,2,DepthCam_2,minusZ_high_side_clear_tv,minus_z_wall,0.9924153645833333,0.007584635416666652,1.2288,640,480
38,C2_radial_echo,4CamAsym,3,DepthCam_3,plusZ_high_side,plus_z_wall,0.9930501302083333,0.006949869791666674,1.2288,640,480
3,N2_mirrored_support,4CamAsym,0,DepthCam_0,foot_wall_robot_axis,minus_x_wall,0.9629134114583333,0.03708658854166669,1.2288,640,480
3,N2_mirrored_support,4CamAsym,1,DepthCam_1,head_wall_anesthesia_axis,plus_x_wall,0.95693359375,0.04306640625000002,1.2288,640,480
3,N2_mirrored_support,4CamAsym,2,DepthCam_2,minusZ_high_side_clear_tv,minus_z_wall,0.9911490885416666,0.008850911458333388,1.2288,640,480
3,N2_mirrored_support,4CamAsym,3,DepthCam_3,plusZ_high_side,plus_z_wall,0.9936002604166667,0.006399739583333286,1.2288,640,480
7,N2_mirrored_support,4CamAsym,0,DepthCam_0,foot_wall_robot_axis,minus_x_wall,0.9692252604166667,0.03077473958333332,1.2288,640,480
7,N2_mirrored_support,4CamAsym,1,DepthCam_1,head_wall_anesthesia_axis,plus_x_wall,0.9599934895833333,0.040006510416666696,1.2288,640,480
7,N2_mirrored_support,4CamAsym,2,DepthCam_2,minusZ_high_side_clear_tv,minus_z_wall,0.991259765625,0.008740234375000044,1.2288,640,480
7,N2_mirrored_support,4CamAsym,3,DepthCam_3,plusZ_high_side,plus_z_wall,0.993564453125,0.006435546875000031,1.2288,640,480
11,N2_mirrored_support,4CamAsym,0,DepthCam_0,foot_wall_robot_axis,minus_x_wall,0.9700618489583334,0.02993815104166664,1.2288,640,480
11,N2_mirrored_support,4CamAsym,1,DepthCam_1,head_wall_anesthesia_axis,plus_x_wall,0.9614029947916667,0.03859700520833331,1.2288,640,480
11,N2_mirrored_support,4CamAsym,2,DepthCam_2,minusZ_high_side_clear_tv,minus_z_wall,0.9912630208333333,0.008736979166666714,1.2288,640,480
11,N2_mirrored_support,4CamAsym,3,DepthCam_3,plusZ_high_side,plus_z_wall,0.9935970052083334,0.006402994791666616,1.2288,640,480
15,N2_mirrored_support,4CamAsym,0,DepthCam_0,foot_wall_robot_axis,minus_x_wall,0.964013671875,0.03598632812500002,1.2288,640,480
15,N2_mirrored_support,4CamAsym,1,DepthCam_1,head_wall_anesthesia_axis,plus_x_wall,0.9580403645833333,0.041959635416666696,1.2288,640,480
15,N2_mirrored_support,4CamAsym,2,DepthCam_2,minusZ_high_side_clear_tv,minus_z_wall,0.9918522135416666,0.008147786458333361,1.2288,640,480
15,N2_mirrored_support,4CamAsym,3,DepthCam_3,plusZ_high_side,plus_z_wall,0.9936393229166667,0.0063606770833333215,1.2288,640,480
19,N2_mirrored_support,4CamAsym,0,DepthCam_0,foot_wall_robot_axis,minus_x_wall,0.9642024739583334,0.03579752604166664,1.2288,640,480
19,N2_mirrored_support,4CamAsym,1,DepthCam_1,head_wall_anesthesia_axis,plus_x_wall,0.9589518229166667,0.041048177083333304,1.2288,640,480
19,N2_mirrored_support,4CamAsym,2,DepthCam_2,minusZ_high_side_clear_tv,minus_z_wall,0.9908528645833333,0.009147135416666674,1.2288,640,480
19,N2_mirrored_support,4CamAsym,3,DepthCam_3,plusZ_high_side,plus_z_wall,0.9935286458333333,0.006471354166666665,1.2288,640,480
23,N2_mirrored_support,4CamAsym,0,DepthCam_0,foot_wall_robot_axis,minus_x_wall,0.9638606770833333,0.03613932291666666,1.2288,640,480
23,N2_mirrored_support,4CamAsym,1,DepthCam_1,head_wall_anesthesia_axis,plus_x_wall,0.9588736979166667,0.041126302083333344,1.2288,640,480
23,N2_mirrored_support,4CamAsym,2,DepthCam_2,minusZ_high_side_clear_tv,minus_z_wall,0.9915364583333334,0.00846354166666663,1.2288,640,480
23,N2_mirrored_support,4CamAsym,3,DepthCam_3,plusZ_high_side,plus_z_wall,0.99427734375,0.005722656250000013,1.2288,640,480
27,N2_mirrored_support,4CamAsym,0,DepthCam_0,foot_wall_robot_axis,minus_x_wall,0.9646126302083333,0.03538736979166668,1.2288,640,480
27,N2_mirrored_support,4CamAsym,1,DepthCam_1,head_wall_anesthesia_axis,plus_x_wall,0.960224609375,0.03977539062500002,1.2288,640,480
27,N2_mirrored_support,4CamAsym,2,DepthCam_2,minusZ_high_side_clear_tv,minus_z_wall,0.9907682291666666,0.009231770833333375,1.2288,640,480
27,N2_mirrored_support,4CamAsym,3,DepthCam_3,plusZ_high_side,plus_z_wall,0.99330078125,0.006699218750000013,1.2288,640,480
31,N2_mirrored_support,4CamAsym,0,DepthCam_0,foot_wall_robot_axis,minus_x_wall,0.967060546875,0.03293945312500002,1.2288,640,480
31,N2_mirrored_support,4CamAsym,1,DepthCam_1,head_wall_anesthesia_axis,plus_x_wall,0.9624283854166666,0.03757161458333336,1.2288,640,480
31,N2_mirrored_support,4CamAsym,2,DepthCam_2,minusZ_high_side_clear_tv,minus_z_wall,0.9916438802083334,0.008356119791666616,1.2288,640,480
31,N2_mirrored_support,4CamAsym,3,DepthCam_3,plusZ_high_side,plus_z_wall,0.9936881510416666,0.006311848958333366,1.2288,640,480
35,N2_mirrored_support,4CamAsym,0,DepthCam_0,foot_wall_robot_axis,minus_x_wall,0.964150390625,0.035849609375000036,1.2288,640,480
35,N2_mirrored_support,4CamAsym,1,DepthCam_1,head_wall_anesthesia_axis,plus_x_wall,0.9593326822916667,0.04066731770833332,1.2288,640,480
35,N2_mirrored_support,4CamAsym,2,DepthCam_2,minusZ_high_side_clear_tv,minus_z_wall,0.9909733072916667,0.00902669270833334,1.2288,640,480
35,N2_mirrored_support,4CamAsym,3,DepthCam_3,plusZ_high_side,plus_z_wall,0.99384765625,0.006152343749999956,1.2288,640,480
39,N2_mirrored_support,4CamAsym,0,DepthCam_0,foot_wall_robot_axis,minus_x_wall,0.96599609375,0.03400390625000005,1.2288,640,480
39,N2_mirrored_support,4CamAsym,1,DepthCam_1,head_wall_anesthesia_axis,plus_x_wall,0.960791015625,0.03920898437499998,1.2288,640,480
39,N2_mirrored_support,4CamAsym,2,DepthCam_2,minusZ_high_side_clear_tv,minus_z_wall,0.9915234375,0.008476562499999951,1.2288,640,480
39,N2_mirrored_support,4CamAsym,3,DepthCam_3,plusZ_high_side,plus_z_wall,0.993798828125,0.006201171875000022,1.2288,640,480
0,C1_standard_cath,5Cam,0,DepthCam_0,foot_wall_robot_axis,minus_x_wall,0.9625748697916666,0.03742513020833338,1.2288,640,480
0,C1_standard_cath,5Cam,1,DepthCam_1,head_wall_anesthesia_axis,plus_x_wall,0.9576595052083333,0.04234049479166668,1.2288,640,480
0,C1_standard_cath,5Cam,2,DepthCam_2,minusZ_high_side_clear_tv,minus_z_wall,0.9923046875,0.0076953124999999956,1.2288,640,480
0,C1_standard_cath,5Cam,3,DepthCam_3,plusZ_high_side,plus_z_wall,0.9928483072916666,0.007151692708333379,1.2288,640,480
0,C1_standard_cath,5Cam,4,DepthCam_4,mid_oblique_head_minusZ,plus_x_minus_z_oblique,0.9725032552083334,0.02749674479166664,1.2288,640,480
4,C1_standard_cath,5Cam,0,DepthCam_0,foot_wall_robot_axis,minus_x_wall,0.9669075520833333,0.033092447916666656,1.2288,640,480
4,C1_standard_cath,5Cam,1,DepthCam_1,head_wall_anesthesia_axis,plus_x_wall,0.960244140625,0.039755859375000036,1.2288,640,480
4,C1_standard_cath,5Cam,2,DepthCam_2,minusZ_high_side_clear_tv,minus_z_wall,0.9932454427083334,0.00675455729166663,1.2288,640,480
4,C1_standard_cath,5Cam,3,DepthCam_3,plusZ_high_side,plus_z_wall,0.9930598958333333,0.006940104166666683,1.2288,640,480
4,C1_standard_cath,5Cam,4,DepthCam_4,mid_oblique_head_minusZ,plus_x_minus_z_oblique,0.9759635416666667,0.024036458333333344,1.2288,640,480
8,C1_standard_cath,5Cam,0,DepthCam_0,foot_wall_robot_axis,minus_x_wall,0.9666927083333333,0.03330729166666668,1.2288,640,480
8,C1_standard_cath,5Cam,1,DepthCam_1,head_wall_anesthesia_axis,plus_x_wall,0.9601334635416666,0.03986653645833338,1.2288,640,480
8,C1_standard_cath,5Cam,2,DepthCam_2,minusZ_high_side_clear_tv,minus_z_wall,0.9927473958333334,0.007252604166666621,1.2288,640,480
8,C1_standard_cath,5Cam,3,DepthCam_3,plusZ_high_side,plus_z_wall,0.9932845052083333,0.006715494791666665,1.2288,640,480
8,C1_standard_cath,5Cam,4,DepthCam_4,mid_oblique_head_minusZ,plus_x_minus_z_oblique,0.9754264322916667,0.0245735677083333,1.2288,640,480
12,C1_standard_cath,5Cam,0,DepthCam_0,foot_wall_robot_axis,minus_x_wall,0.9672819010416667,0.03271809895833333,1.2288,640,480
12,C1_standard_cath,5Cam,1,DepthCam_1,head_wall_anesthesia_axis,plus_x_wall,0.9620703125,0.03792968750000003,1.2288,640,480
12,C1_standard_cath,5Cam,2,DepthCam_2,minusZ_high_side_clear_tv,minus_z_wall,0.9933463541666666,0.006653645833333388,1.2288,640,480
12,C1_standard_cath,5Cam,3,DepthCam_3,plusZ_high_side,plus_z_wall,0.993076171875,0.006923828125000031,1.2288,640,480
12,C1_standard_cath,5Cam,4,DepthCam_4,mid_oblique_head_minusZ,plus_x_minus_z_oblique,0.976416015625,0.023583984374999978,1.2288,640,480
16,C1_standard_cath,5Cam,0,DepthCam_0,foot_wall_robot_axis,minus_x_wall,0.9654654947916667,0.034534505208333344,1.2288,640,480
16,C1_standard_cath,5Cam,1,DepthCam_1,head_wall_anesthesia_axis,plus_x_wall,0.9629231770833333,0.037076822916666696,1.2288,640,480
16,C1_standard_cath,5Cam,2,DepthCam_2,minusZ_high_side_clear_tv,minus_z_wall,0.993916015625,0.006083984375000018,1.2288,640,480
16,C1_standard_cath,5Cam,3,DepthCam_3,plusZ_high_side,plus_z_wall,0.993154296875,0.006845703124999991,1.2288,640,480
16,C1_standard_cath,5Cam,4,DepthCam_4,mid_oblique_head_minusZ,plus_x_minus_z_oblique,0.9767740885416667,0.023225911458333304,1.2288,640,480
20,C1_standard_cath,5Cam,0,DepthCam_0,foot_wall_robot_axis,minus_x_wall,0.963642578125,0.03635742187500002,1.2288,640,480
20,C1_standard_cath,5Cam,1,DepthCam_1,head_wall_anesthesia_axis,plus_x_wall,0.9631119791666667,0.03688802083333331,1.2288,640,480
20,C1_standard_cath,5Cam,2,DepthCam_2,minusZ_high_side_clear_tv,minus_z_wall,0.99322265625,0.006777343750000053,1.2288,640,480
20,C1_standard_cath,5Cam,3,DepthCam_3,plusZ_high_side,plus_z_wall,0.9931477864583333,0.006852213541666652,1.2288,640,480
20,C1_standard_cath,5Cam,4,DepthCam_4,mid_oblique_head_minusZ,plus_x_minus_z_oblique,0.9764713541666666,0.02352864583333336,1.2288,640,480
24,C1_standard_cath,5Cam,0,DepthCam_0,foot_wall_robot_axis,minus_x_wall,0.9651627604166667,0.03483723958333329,1.2288,640,480
24,C1_standard_cath,5Cam,1,DepthCam_1,head_wall_anesthesia_axis,plus_x_wall,0.9632454427083333,0.036754557291666656,1.2288,640,480
24,C1_standard_cath,5Cam,2,DepthCam_2,minusZ_high_side_clear_tv,minus_z_wall,0.9936067708333334,0.006393229166666625,1.2288,640,480
24,C1_standard_cath,5Cam,3,DepthCam_3,plusZ_high_side,plus_z_wall,0.9931315104166667,0.006868489583333304,1.2288,640,480
24,C1_standard_cath,5Cam,4,DepthCam_4,mid_oblique_head_minusZ,plus_x_minus_z_oblique,0.9780729166666666,0.021927083333333375,1.2288,640,480
28,C1_standard_cath,5Cam,0,DepthCam_0,foot_wall_robot_axis,minus_x_wall,0.9629524739583334,0.03704752604166661,1.2288,640,480
28,C1_standard_cath,5Cam,1,DepthCam_1,head_wall_anesthesia_axis,plus_x_wall,0.9604915364583333,0.039508463541666705,1.2288,640,480
28,C1_standard_cath,5Cam,2,DepthCam_2,minusZ_high_side_clear_tv,minus_z_wall,0.993603515625,0.006396484374999956,1.2288,640,480
28,C1_standard_cath,5Cam,3,DepthCam_3,plusZ_high_side,plus_z_wall,0.992890625,0.007109374999999973,1.2288,640,480
28,C1_standard_cath,5Cam,4,DepthCam_4,mid_oblique_head_minusZ,plus_x_minus_z_oblique,0.9762923177083334,0.023707682291666643,1.2288,640,480
32,C1_standard_cath,5Cam,0,DepthCam_0,foot_wall_robot_axis,minus_x_wall,0.9615983072916666,0.03840169270833338,1.2288,640,480
32,C1_standard_cath,5Cam,1,DepthCam_1,head_wall_anesthesia_axis,plus_x_wall,0.9578938802083333,0.042106119791666674,1.2288,640,480
32,C1_standard_cath,5Cam,2,DepthCam_2,minusZ_high_side_clear_tv,minus_z_wall,0.99330078125,0.006699218750000013,1.2288,640,480
32,C1_standard_cath,5Cam,3,DepthCam_3,plusZ_high_side,plus_z_wall,0.9930078125,0.006992187499999969,1.2288,640,480
32,C1_standard_cath,5Cam,4,DepthCam_4,mid_oblique_head_minusZ,plus_x_minus_z_oblique,0.9738313802083334,0.026168619791666625,1.2288,640,480
36,C1_standard_cath,5Cam,0,DepthCam_0,foot_wall_robot_axis,minus_x_wall,0.961982421875,0.03801757812499995,1.2288,640,480
36,C1_standard_cath,5Cam,1,DepthCam_1,head_wall_anesthesia_axis,plus_x_wall,0.95890625,0.04109375000000004,1.2288,640,480
36,C1_standard_cath,5Cam,2,DepthCam_2,minusZ_high_side_clear_tv,minus_z_wall,0.9936067708333334,0.006393229166666625,1.2288,640,480
36,C1_standard_cath,5Cam,3,DepthCam_3,plusZ_high_side,plus_z_wall,0.9933658854166667,0.006634114583333295,1.2288,640,480
36,C1_standard_cath,5Cam,4,DepthCam_4,mid_oblique_head_minusZ,plus_x_minus_z_oblique,0.9745084635416666,0.025491536458333353,1.2288,640,480
1,N1_mirrored_head,5Cam,0,DepthCam_0,foot_wall_robot_axis,minus_x_wall,0.965185546875,0.03481445312499998,1.2288,640,480
1,N1_mirrored_head,5Cam,1,DepthCam_1,head_wall_anesthesia_axis,plus_x_wall,0.9586263020833333,0.041373697916666674,1.2288,640,480
1,N1_mirrored_head,5Cam,2,DepthCam_2,minusZ_high_side_clear_tv,minus_z_wall,0.9914388020833333,0.008561197916666652,1.2288,640,480
1,N1_mirrored_head,5Cam,3,DepthCam_3,plusZ_high_side,plus_z_wall,0.9938639322916667,0.006136067708333304,1.2288,640,480
1,N1_mirrored_head,5Cam,4,DepthCam_4,mid_oblique_head_minusZ,plus_x_minus_z_oblique,0.9678092447916666,0.032190755208333366,1.2288,640,480
5,N1_mirrored_head,5Cam,0,DepthCam_0,foot_wall_robot_axis,minus_x_wall,0.9638020833333333,0.03619791666666672,1.2288,640,480
5,N1_mirrored_head,5Cam,1,DepthCam_1,head_wall_anesthesia_axis,plus_x_wall,0.9578841145833333,0.042115885416666665,1.2288,640,480
5,N1_mirrored_head,5Cam,2,DepthCam_2,minusZ_high_side_clear_tv,minus_z_wall,0.990859375,0.009140625000000013,1.2288,640,480
5,N1_mirrored_head,5Cam,3,DepthCam_3,plusZ_high_side,plus_z_wall,0.993583984375,0.006416015625000049,1.2288,640,480
5,N1_mirrored_head,5Cam,4,DepthCam_4,mid_oblique_head_minusZ,plus_x_minus_z_oblique,0.965517578125,0.03448242187499995,1.2288,640,480
9,N1_mirrored_head,5Cam,0,DepthCam_0,foot_wall_robot_axis,minus_x_wall,0.9645768229166667,0.03542317708333331,1.2288,640,480
9,N1_mirrored_head,5Cam,1,DepthCam_1,head_wall_anesthesia_axis,plus_x_wall,0.9592350260416667,0.04076497395833334,1.2288,640,480
9,N1_mirrored_head,5Cam,2,DepthCam_2,minusZ_high_side_clear_tv,minus_z_wall,0.9916959635416667,0.00830403645833333,1.2288,640,480
9,N1_mirrored_head,5Cam,3,DepthCam_3,plusZ_high_side,plus_z_wall,0.9939290364583333,0.006070963541666696,1.2288,640,480
9,N1_mirrored_head,5Cam,4,DepthCam_4,mid_oblique_head_minusZ,plus_x_minus_z_oblique,0.96875,0.03125,1.2288,640,480
13,N1_mirrored_head,5Cam,0,DepthCam_0,foot_wall_robot_axis,minus_x_wall,0.9647981770833334,0.035201822916666625,1.2288,640,480
13,N1_mirrored_head,5Cam,1,DepthCam_1,head_wall_anesthesia_axis,plus_x_wall,0.9600455729166667,0.0399544270833333,1.2288,640,480
13,N1_mirrored_head,5Cam,2,DepthCam_2,minusZ_high_side_clear_tv,minus_z_wall,0.9913411458333333,0.008658854166666674,1.2288,640,480
13,N1_mirrored_head,5Cam,3,DepthCam_3,plusZ_high_side,plus_z_wall,0.994404296875,0.005595703125000018,1.2288,640,480
13,N1_mirrored_head,5Cam,4,DepthCam_4,mid_oblique_head_minusZ,plus_x_minus_z_oblique,0.970556640625,0.029443359374999978,1.2288,640,480
17,N1_mirrored_head,5Cam,0,DepthCam_0,foot_wall_robot_axis,minus_x_wall,0.9670084635416667,0.032991536458333304,1.2288,640,480
17,N1_mirrored_head,5Cam,1,DepthCam_1,head_wall_anesthesia_axis,plus_x_wall,0.961748046875,0.03825195312499996,1.2288,640,480
17,N1_mirrored_head,5Cam,2,DepthCam_2,minusZ_high_side_clear_tv,minus_z_wall,0.9913509114583333,0.008649088541666683,1.2288,640,480
17,N1_mirrored_head,5Cam,3,DepthCam_3,plusZ_high_side,plus_z_wall,0.9935872395833333,0.0064127604166667185,1.2288,640,480
17,N1_mirrored_head,5Cam,4,DepthCam_4,mid_oblique_head_minusZ,plus_x_minus_z_oblique,0.971669921875,0.02833007812499999,1.2288,640,480
21,N1_mirrored_head,5Cam,0,DepthCam_0,foot_wall_robot_axis,minus_x_wall,0.9649576822916667,0.035042317708333326,1.2288,640,480
21,N1_mirrored_head,5Cam,1,DepthCam_1,head_wall_anesthesia_axis,plus_x_wall,0.9575032552083333,0.04249674479166665,1.2288,640,480
21,N1_mirrored_head,5Cam,2,DepthCam_2,minusZ_high_side_clear_tv,minus_z_wall,0.99095703125,0.009042968749999991,1.2288,640,480
21,N1_mirrored_head,5Cam,3,DepthCam_3,plusZ_high_side,plus_z_wall,0.9939615885416667,0.0060384114583332815,1.2288,640,480
21,N1_mirrored_head,5Cam,4,DepthCam_4,mid_oblique_head_minusZ,plus_x_minus_z_oblique,0.9694401041666667,0.030559895833333295,1.2288,640,480
25,N1_mirrored_head,5Cam,0,DepthCam_0,foot_wall_robot_axis,minus_x_wall,0.9643977864583333,0.035602213541666705,1.2288,640,480
25,N1_mirrored_head,5Cam,1,DepthCam_1,head_wall_anesthesia_axis,plus_x_wall,0.959033203125,0.040966796875000044,1.2288,640,480
25,N1_mirrored_head,5Cam,2,DepthCam_2,minusZ_high_side_clear_tv,minus_z_wall,0.9907779947916666,0.009222005208333384,1.2288,640,480
25,N1_mirrored_head,5Cam,3,DepthCam_3,plusZ_high_side,plus_z_wall,0.99408203125,0.005917968749999947,1.2288,640,480
25,N1_mirrored_head,5Cam,4,DepthCam_4,mid_oblique_head_minusZ,plus_x_minus_z_oblique,0.9672298177083334,0.032770182291666616,1.2288,640,480
29,N1_mirrored_head,5Cam,0,DepthCam_0,foot_wall_robot_axis,minus_x_wall,0.9667610677083334,0.033238932291666634,1.2288,640,480
29,N1_mirrored_head,5Cam,1,DepthCam_1,head_wall_anesthesia_axis,plus_x_wall,0.9633333333333334,0.036666666666666625,1.2288,640,480
29,N1_mirrored_head,5Cam,2,DepthCam_2,minusZ_high_side_clear_tv,minus_z_wall,0.991025390625,0.008974609375000053,1.2288,640,480
29,N1_mirrored_head,5Cam,3,DepthCam_3,plusZ_high_side,plus_z_wall,0.9936946614583333,0.006305338541666705,1.2288,640,480
29,N1_mirrored_head,5Cam,4,DepthCam_4,mid_oblique_head_minusZ,plus_x_minus_z_oblique,0.9694140625,0.03058593750000005,1.2288,640,480
33,N1_mirrored_head,5Cam,0,DepthCam_0,foot_wall_robot_axis,minus_x_wall,0.9694466145833334,0.030553385416666634,1.2288,640,480
33,N1_mirrored_head,5Cam,1,DepthCam_1,head_wall_anesthesia_axis,plus_x_wall,0.9629524739583334,0.03704752604166661,1.2288,640,480
33,N1_mirrored_head,5Cam,2,DepthCam_2,minusZ_high_side_clear_tv,minus_z_wall,0.99130859375,0.008691406249999978,1.2288,640,480
33,N1_mirrored_head,5Cam,3,DepthCam_3,plusZ_high_side,plus_z_wall,0.99384765625,0.006152343749999956,1.2288,640,480
33,N1_mirrored_head,5Cam,4,DepthCam_4,mid_oblique_head_minusZ,plus_x_minus_z_oblique,0.9740397135416666,0.02596028645833337,1.2288,640,480
37,N1_mirrored_head,5Cam,0,DepthCam_0,foot_wall_robot_axis,minus_x_wall,0.9615983072916666,0.03840169270833338,1.2288,640,480
37,N1_mirrored_head,5Cam,1,DepthCam_1,head_wall_anesthesia_axis,plus_x_wall,0.9575813802083334,0.04241861979166661,1.2288,640,480
37,N1_mirrored_head,5Cam,2,DepthCam_2,minusZ_high_side_clear_tv,minus_z_wall,0.99115234375,0.008847656249999947,1.2288,640,480
37,N1_mirrored_head,5Cam,3,DepthCam_3,plusZ_high_side,plus_z_wall,0.99376953125,0.0062304687499999956,1.2288,640,480
37,N1_mirrored_head,5Cam,4,DepthCam_4,mid_oblique_head_minusZ,plus_x_minus_z_oblique,0.9667057291666666,0.03329427083333336,1.2288,640,480
2,C2_radial_echo,5Cam,0,DepthCam_0,foot_wall_robot_axis,minus_x_wall,0.9643359375,0.03566406249999998,1.2288,640,480
2,C2_radial_echo,5Cam,1,DepthCam_1,head_wall_anesthesia_axis,plus_x_wall,0.9594401041666667,0.040559895833333304,1.2288,640,480
2,C2_radial_echo,5Cam,2,DepthCam_2,minusZ_high_side_clear_tv,minus_z_wall,0.9927180989583333,0.007281901041666705,1.2288,640,480
2,C2_radial_echo,5Cam,3,DepthCam_3,plusZ_high_side,plus_z_wall,0.99322265625,0.006777343750000053,1.2288,640,480
2,C2_radial_echo,5Cam,4,DepthCam_4,mid_oblique_head_minusZ,plus_x_minus_z_oblique,0.975595703125,0.02440429687500001,1.2288,640,480
6,C2_radial_echo,5Cam,0,DepthCam_0,foot_wall_robot_axis,minus_x_wall,0.962529296875,0.037470703125000004,1.2288,640,480
6,C2_radial_echo,5Cam,1,DepthCam_1,head_wall_anesthesia_axis,plus_x_wall,0.9601204427083333,0.0398795572916667,1.2288,640,480
6,C2_radial_echo,5Cam,2,DepthCam_2,minusZ_high_side_clear_tv,minus_z_wall,0.993388671875,0.006611328124999982,1.2288,640,480
6,C2_radial_echo,5Cam,3,DepthCam_3,plusZ_high_side,plus_z_wall,0.9927506510416667,0.00724934895833329,1.2288,640,480
6,C2_radial_echo,5Cam,4,DepthCam_4,mid_oblique_head_minusZ,plus_x_minus_z_oblique,0.9763444010416666,0.023655598958333357,1.2288,640,480
10,C2_radial_echo,5Cam,0,DepthCam_0,foot_wall_robot_axis,minus_x_wall,0.9651692708333334,0.03483072916666663,1.2288,640,480
10,C2_radial_echo,5Cam,1,DepthCam_1,head_wall_anesthesia_axis,plus_x_wall,0.962578125,0.03742187500000005,1.2288,640,480
10,C2_radial_echo,5Cam,2,DepthCam_2,minusZ_high_side_clear_tv,minus_z_wall,0.9925325520833334,0.007467447916666647,1.2288,640,480
10,C2_radial_echo,5Cam,3,DepthCam_3,plusZ_high_side,plus_z_wall,0.9927506510416667,0.00724934895833329,1.2288,640,480
10,C2_radial_echo,5Cam,4,DepthCam_4,mid_oblique_head_minusZ,plus_x_minus_z_oblique,0.9782584635416667,0.02174153645833332,1.2288,640,480
14,C2_radial_echo,5Cam,0,DepthCam_0,foot_wall_robot_axis,minus_x_wall,0.9661946614583333,0.033805338541666674,1.2288,640,480
14,C2_radial_echo,5Cam,1,DepthCam_1,head_wall_anesthesia_axis,plus_x_wall,0.9604069010416667,0.039593098958333295,1.2288,640,480
14,C2_radial_echo,5Cam,2,DepthCam_2,minusZ_high_side_clear_tv,minus_z_wall,0.9931901041666666,0.006809895833333357,1.2288,640,480
14,C2_radial_echo,5Cam,3,DepthCam_3,plusZ_high_side,plus_z_wall,0.9931673177083333,0.00683268229166667,1.2288,640,480
14,C2_radial_echo,5Cam,4,DepthCam_4,mid_oblique_head_minusZ,plus_x_minus_z_oblique,0.974951171875,0.025048828124999978,1.2288,640,480
18,C2_radial_echo,5Cam,0,DepthCam_0,foot_wall_robot_axis,minus_x_wall,0.963564453125,0.03643554687499995,1.2288,640,480
18,C2_radial_echo,5Cam,1,DepthCam_1,head_wall_anesthesia_axis,plus_x_wall,0.961123046875,0.03887695312499995,1.2288,640,480
18,C2_radial_echo,5Cam,2,DepthCam_2,minusZ_high_side_clear_tv,minus_z_wall,0.99298828125,0.007011718749999951,1.2288,640,480
18,C2_radial_echo,5Cam,3,DepthCam_3,plusZ_high_side,plus_z_wall,0.9929231770833333,0.00707682291666667,1.2288,640,480
18,C2_radial_echo,5Cam,4,DepthCam_4,mid_oblique_head_minusZ,plus_x_minus_z_oblique,0.9786328125,0.021367187499999996,1.2288,640,480
22,C2_radial_echo,5Cam,0,DepthCam_0,foot_wall_robot_axis,minus_x_wall,0.9699609375,0.03003906249999999,1.2288,640,480
22,C2_radial_echo,5Cam,1,DepthCam_1,head_wall_anesthesia_axis,plus_x_wall,0.9617805989583333,0.038219401041666656,1.2288,640,480
22,C2_radial_echo,5Cam,2,DepthCam_2,minusZ_high_side_clear_tv,minus_z_wall,0.9930143229166667,0.006985677083333308,1.2288,640,480
22,C2_radial_echo,5Cam,3,DepthCam_3,plusZ_high_side,plus_z_wall,0.9934309895833333,0.006569010416666687,1.2288,640,480
22,C2_radial_echo,5Cam,4,DepthCam_4,mid_oblique_head_minusZ,plus_x_minus_z_oblique,0.977216796875,0.02278320312500004,1.2288,640,480
26,C2_radial_echo,5Cam,0,DepthCam_0,foot_wall_robot_axis,minus_x_wall,0.9654166666666667,0.0345833333333333,1.2288,640,480
26,C2_radial_echo,5Cam,1,DepthCam_1,head_wall_anesthesia_axis,plus_x_wall,0.9610709635416667,0.038929036458333344,1.2288,640,480
26,C2_radial_echo,5Cam,2,DepthCam_2,minusZ_high_side_clear_tv,minus_z_wall,0.9933170572916666,0.0066829427083333615,1.2288,640,480
26,C2_radial_echo,5Cam,3,DepthCam_3,plusZ_high_side,plus_z_wall,0.992998046875,0.00700195312499996,1.2288,640,480
26,C2_radial_echo,5Cam,4,DepthCam_4,mid_oblique_head_minusZ,plus_x_minus_z_oblique,0.976123046875,0.023876953125000044,1.2288,640,480
30,C2_radial_echo,5Cam,0,DepthCam_0,foot_wall_robot_axis,minus_x_wall,0.9626041666666667,0.037395833333333295,1.2288,640,480
30,C2_radial_echo,5Cam,1,DepthCam_1,head_wall_anesthesia_axis,plus_x_wall,0.959013671875,0.04098632812500003,1.2288,640,480
30,C2_radial_echo,5Cam,2,DepthCam_2,minusZ_high_side_clear_tv,minus_z_wall,0.993173828125,0.006826171875000009,1.2288,640,480
30,C2_radial_echo,5Cam,3,DepthCam_3,plusZ_high_side,plus_z_wall,0.9929915364583334,0.007008463541666621,1.2288,640,480
30,C2_radial_echo,5Cam,4,DepthCam_4,mid_oblique_head_minusZ,plus_x_minus_z_oblique,0.976357421875,0.023642578125000036,1.2288,640,480
34,C2_radial_echo,5Cam,0,DepthCam_0,foot_wall_robot_axis,minus_x_wall,0.9648860677083333,0.035113932291666705,1.2288,640,480
34,C2_radial_echo,5Cam,1,DepthCam_1,head_wall_anesthesia_axis,plus_x_wall,0.9621451822916667,0.03785481770833332,1.2288,640,480
34,C2_radial_echo,5Cam,2,DepthCam_2,minusZ_high_side_clear_tv,minus_z_wall,0.9931901041666666,0.006809895833333357,1.2288,640,480
34,C2_radial_echo,5Cam,3,DepthCam_3,plusZ_high_side,plus_z_wall,0.9930240885416667,0.006975911458333317,1.2288,640,480
34,C2_radial_echo,5Cam,4,DepthCam_4,mid_oblique_head_minusZ,plus_x_minus_z_oblique,0.9767122395833333,0.023287760416666692,1.2288,640,480
38,C2_radial_echo,5Cam,0,DepthCam_0,foot_wall_robot_axis,minus_x_wall,0.9631868489583333,0.036813151041666714,1.2288,640,480
38,C2_radial_echo,5Cam,1,DepthCam_1,head_wall_anesthesia_axis,plus_x_wall,0.9589876302083333,0.04101236979166667,1.2288,640,480
38,C2_radial_echo,5Cam,2,DepthCam_2,minusZ_high_side_clear_tv,minus_z_wall,0.9922265625,0.0077734375000000355,1.2288,640,480
38,C2_radial_echo,5Cam,3,DepthCam_3,plusZ_high_side,plus_z_wall,0.9930208333333334,0.006979166666666647,1.2288,640,480
38,C2_radial_echo,5Cam,4,DepthCam_4,mid_oblique_head_minusZ,plus_x_minus_z_oblique,0.97615234375,0.02384765624999996,1.2288,640,480
3,N2_mirrored_support,5Cam,0,DepthCam_0,foot_wall_robot_axis,minus_x_wall,0.9626106770833334,0.037389322916666634,1.2288,640,480
3,N2_mirrored_support,5Cam,1,DepthCam_1,head_wall_anesthesia_axis,plus_x_wall,0.956787109375,0.043212890625,1.2288,640,480
3,N2_mirrored_support,5Cam,2,DepthCam_2,minusZ_high_side_clear_tv,minus_z_wall,0.9910611979166667,0.008938802083333308,1.2288,640,480
3,N2_mirrored_support,5Cam,3,DepthCam_3,plusZ_high_side,plus_z_wall,0.9934798177083334,0.006520182291666621,1.2288,640,480
3,N2_mirrored_support,5Cam,4,DepthCam_4,mid_oblique_head_minusZ,plus_x_minus_z_oblique,0.9645963541666667,0.03540364583333333,1.2288,640,480
7,N2_mirrored_support,5Cam,0,DepthCam_0,foot_wall_robot_axis,minus_x_wall,0.9693098958333334,0.03069010416666662,1.2288,640,480
7,N2_mirrored_support,5Cam,1,DepthCam_1,head_wall_anesthesia_axis,plus_x_wall,0.9599739583333333,0.04002604166666668,1.2288,640,480
7,N2_mirrored_support,5Cam,2,DepthCam_2,minusZ_high_side_clear_tv,minus_z_wall,0.991171875,0.008828124999999964,1.2288,640,480
7,N2_mirrored_support,5Cam,3,DepthCam_3,plusZ_high_side,plus_z_wall,0.9939680989583334,0.006031901041666621,1.2288,640,480
7,N2_mirrored_support,5Cam,4,DepthCam_4,mid_oblique_head_minusZ,plus_x_minus_z_oblique,0.9718001302083333,0.028199869791666665,1.2288,640,480
11,N2_mirrored_support,5Cam,0,DepthCam_0,foot_wall_robot_axis,minus_x_wall,0.9700618489583334,0.02993815104166664,1.2288,640,480
11,N2_mirrored_support,5Cam,1,DepthCam_1,head_wall_anesthesia_axis,plus_x_wall,0.961259765625,0.03874023437499996,1.2288,640,480
11,N2_mirrored_support,5Cam,2,DepthCam_2,minusZ_high_side_clear_tv,minus_z_wall,0.9907877604166667,0.009212239583333282,1.2288,640,480
11,N2_mirrored_support,5Cam,3,DepthCam_3,plusZ_high_side,plus_z_wall,0.9936295572916667,0.006370442708333313,1.2288,640,480
11,N2_mirrored_support,5Cam,4,DepthCam_4,mid_oblique_head_minusZ,plus_x_minus_z_oblique,0.9735188802083333,0.026481119791666674,1.2288,640,480
15,N2_mirrored_support,5Cam,0,DepthCam_0,foot_wall_robot_axis,minus_x_wall,0.9641634114583333,0.035836588541666714,1.2288,640,480
15,N2_mirrored_support,5Cam,1,DepthCam_1,head_wall_anesthesia_axis,plus_x_wall,0.9581119791666667,0.04188802083333332,1.2288,640,480
15,N2_mirrored_support,5Cam,2,DepthCam_2,minusZ_high_side_clear_tv,minus_z_wall,0.991923828125,0.008076171874999982,1.2288,640,480
15,N2_mirrored_support,5Cam,3,DepthCam_3,plusZ_high_side,plus_z_wall,0.9940266927083333,0.005973307291666674,1.2288,640,480
15,N2_mirrored_support,5Cam,4,DepthCam_4,mid_oblique_head_minusZ,plus_x_minus_z_oblique,0.9676595052083333,0.032340494791666674,1.2288,640,480
19,N2_mirrored_support,5Cam,0,DepthCam_0,foot_wall_robot_axis,minus_x_wall,0.9640169270833333,0.03598307291666669,1.2288,640,480
19,N2_mirrored_support,5Cam,1,DepthCam_1,head_wall_anesthesia_axis,plus_x_wall,0.95904296875,0.04095703125000005,1.2288,640,480
19,N2_mirrored_support,5Cam,2,DepthCam_2,minusZ_high_side_clear_tv,minus_z_wall,0.9909016927083333,0.009098307291666718,1.2288,640,480
19,N2_mirrored_support,5Cam,3,DepthCam_3,plusZ_high_side,plus_z_wall,0.9935709635416666,0.00642903645833337,1.2288,640,480
19,N2_mirrored_support,5Cam,4,DepthCam_4,mid_oblique_head_minusZ,plus_x_minus_z_oblique,0.9696516927083333,0.03034830729166671,1.2288,640,480
23,N2_mirrored_support,5Cam,0,DepthCam_0,foot_wall_robot_axis,minus_x_wall,0.9639908854166667,0.036009114583333335,1.2288,640,480
23,N2_mirrored_support,5Cam,1,DepthCam_1,head_wall_anesthesia_axis,plus_x_wall,0.9586100260416667,0.041389973958333326,1.2288,640,480
23,N2_mirrored_support,5Cam,2,DepthCam_2,minusZ_high_side_clear_tv,minus_z_wall,0.991513671875,0.008486328125000053,1.2288,640,480
23,N2_mirrored_support,5Cam,3,DepthCam_3,plusZ_high_side,plus_z_wall,0.9941666666666666,0.005833333333333357,1.2288,640,480
23,N2_mirrored_support,5Cam,4,DepthCam_4,mid_oblique_head_minusZ,plus_x_minus_z_oblique,0.9660904947916666,0.03390950520833336,1.2288,640,480
27,N2_mirrored_support,5Cam,0,DepthCam_0,foot_wall_robot_axis,minus_x_wall,0.9645084635416666,0.03549153645833336,1.2288,640,480
27,N2_mirrored_support,5Cam,1,DepthCam_1,head_wall_anesthesia_axis,plus_x_wall,0.9601985677083333,0.03980143229166666,1.2288,640,480
27,N2_mirrored_support,5Cam,2,DepthCam_2,minusZ_high_side_clear_tv,minus_z_wall,0.9906868489583334,0.009313151041666634,1.2288,640,480
27,N2_mirrored_support,5Cam,3,DepthCam_3,plusZ_high_side,plus_z_wall,0.9933268229166666,0.00667317708333337,1.2288,640,480
27,N2_mirrored_support,5Cam,4,DepthCam_4,mid_oblique_head_minusZ,plus_x_minus_z_oblique,0.9667805989583333,0.03321940104166665,1.2288,640,480
31,N2_mirrored_support,5Cam,0,DepthCam_0,foot_wall_robot_axis,minus_x_wall,0.9669140625,0.033085937499999996,1.2288,640,480
31,N2_mirrored_support,5Cam,1,DepthCam_1,head_wall_anesthesia_axis,plus_x_wall,0.9625162760416667,0.037483723958333326,1.2288,640,480
31,N2_mirrored_support,5Cam,2,DepthCam_2,minusZ_high_side_clear_tv,minus_z_wall,0.991884765625,0.008115234374999947,1.2288,640,480
31,N2_mirrored_support,5Cam,3,DepthCam_3,plusZ_high_side,plus_z_wall,0.9936686197916667,0.006331380208333348,1.2288,640,480
31,N2_mirrored_support,5Cam,4,DepthCam_4,mid_oblique_head_minusZ,plus_x_minus_z_oblique,0.9695638020833334,0.03043619791666663,1.2288,640,480
35,N2_mirrored_support,5Cam,0,DepthCam_0,foot_wall_robot_axis,minus_x_wall,0.9642057291666667,0.03579427083333331,1.2288,640,480
35,N2_mirrored_support,5Cam,1,DepthCam_1,head_wall_anesthesia_axis,plus_x_wall,0.959150390625,0.04084960937500004,1.2288,640,480
35,N2_mirrored_support,5Cam,2,DepthCam_2,minusZ_high_side_clear_tv,minus_z_wall,0.9908463541666667,0.009153645833333335,1.2288,640,480
35,N2_mirrored_support,5Cam,3,DepthCam_3,plusZ_high_side,plus_z_wall,0.9938151041666666,0.00618489583333337,1.2288,640,480
35,N2_mirrored_support,5Cam,4,DepthCam_4,mid_oblique_head_minusZ,plus_x_minus_z_oblique,0.9706184895833333,0.0293815104166667,1.2288,640,480
39,N2_mirrored_support,5Cam,0,DepthCam_0,foot_wall_robot_axis,minus_x_wall,0.9660514322916667,0.03394856770833332,1.2288,640,480
39,N2_mirrored_support,5Cam,1,DepthCam_1,head_wall_anesthesia_axis,plus_x_wall,0.961015625,0.03898437499999996,1.2288,640,480
39,N2_mirrored_support,5Cam,2,DepthCam_2,minusZ_high_side_clear_tv,minus_z_wall,0.9913541666666666,0.008645833333333353,1.2288,640,480
39,N2_mirrored_support,5Cam,3,DepthCam_3,plusZ_high_side,plus_z_wall,0.993837890625,0.006162109374999947,1.2288,640,480
39,N2_mirrored_support,5Cam,4,DepthCam_4,mid_oblique_head_minusZ,plus_x_minus_z_oblique,0.9687760416666666,0.031223958333333357,1.2288,640,480
