sample_index,layout,rig_id,semantic_id,priority,object_id,semantic_zone,object_region_recall,object_region_precision,object_region_f2,object_presence_success,object_target_surface_voxels,object_prediction_voxels,object_visible_surface_recall,object_visible_1plus,object_visible_2plus,object_visible_3plus,object_mean_view_diversity_deg
36,C1_standard_cath,4CamClassic,patient,P1,Prop_00_patient,table_patient,0.4576043068640646,0.6860986547085202,0.4902589079723148,1,743,223,0.44549125168236875,0.44549125168236875,0.013458950201884253,0.0,81.72668179084494
36,C1_standard_cath,4CamClassic,doctor_operator,P1,Prop_01_doctor_operator,operator_lane,0.0,1.0,0.0,0,1366,0,0.9956076134699854,0.9956076134699854,0.6002928257686676,0.25036603221083453,109.80168455386013
36,C1_standard_cath,4CamClassic,medical_trolley,P2,Prop_02_medical_trolley,operator_peripheral_equipment,0.0,1.0,0.0,0,947,0,1.0,1.0,0.996832101372756,0.9134107708553326,98.44815840479309
36,C1_standard_cath,4CamClassic,doctor_anesthesia,P2,Prop_03_doctor_anesthesia,head_anesthesia_corner,0.0,0.0,0.0,0,836,1,0.9988038277511961,0.9988038277511961,0.7882775119617225,0.0,84.61714178617693
36,C1_standard_cath,4CamClassic,anesthesia_machine,P2,Prop_04_anesthesia_machine,head_anesthesia_corner,0.0,1.0,0.0,0,1049,0,0.9990467111534795,0.9990467111534795,0.9637750238322211,0.01334604385128694,98.27945062618144
36,C1_standard_cath,4CamClassic,radiation_shield,P1,Prop_05_radiation_shield,operator_lane,0.017110266159695818,1.0,0.021296734500709895,0,1052,2,0.8621673003802282,0.8621673003802282,0.48098859315589354,0.07604562737642585,108.53700261284287
36,C1_standard_cath,4CamClassic,uhd_tv,P3,Prop_06_uhd_tv,screen_side,0.0,1.0,0.0,0,1648,0,0.9733009708737864,0.9733009708737864,0.7864077669902912,0.4532766990291262,107.73344394461068
36,C1_standard_cath,4CamClassic,waste_bin,P3,Prop_07_waste_bin,waste_corner,0.0,1.0,0.0,0,266,0,0.05263157894736842,0.05263157894736842,0.0,0.0,0.0
36,C1_standard_cath,4CamClassic,doctor_ultrasound,P2,Prop_08_doctor_ultrasound,peripheral_support,0.0,1.0,0.0,0,991,0,1.0,1.0,0.8244197780020182,0.0,107.30726383825879
36,C1_standard_cath,4CamClassic,ultrasound,P2,Prop_09_ultrasound,peripheral_support,0.002938295788442703,1.0,0.0036701737215561535,0,1021,1,0.9461312438785504,0.9461312438785504,0.6650342801175319,0.03819784524975514,114.37410810202806
36,C1_standard_cath,4CamClassic,ceiling_lamp,P3,Prop_10_ceiling_lamp,ceiling_over_table,0.0,1.0,0.0,0,331,0,1.0,1.0,0.9939577039274925,0.9697885196374623,106.36705193896252
9,N1_mirrored_head,4CamClassic,patient,P1,Prop_00_patient,table_patient,0.2733333333333333,0.5255813953488372,0.30235593552176465,1,750,215,0.3293333333333333,0.3293333333333333,0.0026666666666666666,0.0,81.88572092504432
9,N1_mirrored_head,4CamClassic,doctor_operator,P1,Prop_01_doctor_operator,operator_lane,0.06479481641468683,0.15,0.07309941520467837,1,926,360,0.9632829373650108,0.9632829373650108,0.5518358531317494,0.0755939524838013,129.2094590152028
9,N1_mirrored_head,4CamClassic,medical_trolley,P2,Prop_02_medical_trolley,operator_peripheral_equipment,0.0,1.0,0.0,0,936,0,1.0,1.0,0.9967948717948718,0.8600427350427351,95.34644578398542
9,N1_mirrored_head,4CamClassic,doctor_anesthesia,P2,Prop_03_doctor_anesthesia,head_anesthesia_corner,0.043522267206477734,0.06334841628959276,0.046428406163717975,0,988,442,1.0,1.0,0.8238866396761133,0.0,93.48296219651945
9,N1_mirrored_head,4CamClassic,anesthesia_machine,P2,Prop_04_anesthesia_machine,head_anesthesia_corner,0.0,1.0,0.0,0,1127,0,0.9991126885536823,0.9991126885536823,0.929902395740905,0.0,96.4017240595317
9,N1_mirrored_head,4CamClassic,radiation_shield,P1,Prop_05_radiation_shield,operator_lane,0.010273972602739725,1.0,0.012809564474807857,0,876,1,0.8093607305936074,0.8093607305936074,0.4452054794520548,0.18378995433789955,103.35695029938054
9,N1_mirrored_head,4CamClassic,uhd_tv,P3,Prop_06_uhd_tv,screen_side,0.0,0.0,0.0,0,1584,1,0.7708333333333334,0.7708333333333334,0.4861111111111111,0.2878787878787879,96.2912796898698
9,N1_mirrored_head,4CamClassic,waste_bin,P3,Prop_07_waste_bin,waste_corner,0.0,1.0,0.0,0,316,0,0.20569620253164558,0.20569620253164558,0.0,0.0,0.0
9,N1_mirrored_head,4CamClassic,doctor_ultrasound,P2,Prop_08_doctor_ultrasound,peripheral_support,0.0,1.0,0.0,0,908,0,1.0,1.0,0.8171806167400881,0.0,106.52218857810085
9,N1_mirrored_head,4CamClassic,ultrasound,P2,Prop_09_ultrasound,peripheral_support,0.013793103448275862,1.0,0.01718213058419244,0,870,1,1.0,1.0,0.8390804597701149,0.09195402298850575,107.60540949907072
9,N1_mirrored_head,4CamClassic,ceiling_lamp,P3,Prop_10_ceiling_lamp,ceiling_over_table,0.0,1.0,0.0,0,250,0,1.0,1.0,1.0,0.98,105.87665533972334
21,N1_mirrored_head,4CamClassic,patient,P1,Prop_00_patient,table_patient,0.5513888888888889,0.5966386554621849,0.5598812980935394,1,720,476,0.7583333333333333,0.7583333333333333,0.16666666666666666,0.008333333333333333,91.44041783456223
21,N1_mirrored_head,4CamClassic,doctor_operator,P1,Prop_01_doctor_operator,operator_lane,0.0044943820224719105,0.021505376344086023,0.005339028296849974,0,890,186,0.903370786516854,0.903370786516854,0.5528089887640449,0.1393258426966292,123.5019712482833
21,N1_mirrored_head,4CamClassic,medical_trolley,P2,Prop_02_medical_trolley,operator_peripheral_equipment,0.0096051227321238,1.0,0.011977641735427204,0,937,1,1.0,1.0,0.9989327641408752,0.8377801494130203,95.48419321494781
21,N1_mirrored_head,4CamClassic,doctor_anesthesia,P2,Prop_03_doctor_anesthesia,head_anesthesia_corner,0.0,0.0,0.0,0,885,370,0.9988700564971752,0.9988700564971752,0.7220338983050848,0.0,91.51316852027526
21,N1_mirrored_head,4CamClassic,anesthesia_machine,P2,Prop_04_anesthesia_machine,head_anesthesia_corner,0.0,1.0,0.0,0,992,0,1.0,1.0,0.9818548387096774,0.0,97.11079298855613
21,N1_mirrored_head,4CamClassic,radiation_shield,P1,Prop_05_radiation_shield,operator_lane,0.0,1.0,0.0,0,917,0,0.8702290076335878,0.8702290076335878,0.5038167938931297,0.20283533260632497,111.50847680714995
21,N1_mirrored_head,4CamClassic,uhd_tv,P3,Prop_06_uhd_tv,screen_side,0.0,0.0,0.0,0,1584,13,0.7007575757575758,0.7007575757575758,0.43497474747474746,0.24621212121212122,91.11565867168
21,N1_mirrored_head,4CamClassic,waste_bin,P3,Prop_07_waste_bin,waste_corner,0.0,1.0,0.0,0,260,0,0.4807692307692308,0.4807692307692308,0.019230769230769232,0.0,99.69764558400917
21,N1_mirrored_head,4CamClassic,doctor_ultrasound,P2,Prop_08_doctor_ultrasound,peripheral_support,0.0,1.0,0.0,0,912,0,1.0,1.0,0.8760964912280702,0.0,118.54004062572731
21,N1_mirrored_head,4CamClassic,ultrasound,P2,Prop_09_ultrasound,peripheral_support,0.0,1.0,0.0,0,881,0,0.8842224744608399,0.8842224744608399,0.6640181611804767,0.0510783200908059,112.02954050721794
21,N1_mirrored_head,4CamClassic,ceiling_lamp,P3,Prop_10_ceiling_lamp,ceiling_over_table,0.0,1.0,0.0,0,291,0,1.0,1.0,1.0,0.9347079037800687,106.13836529026425
3,N2_mirrored_support,4CamClassic,patient,P1,Prop_00_patient,table_patient,0.5179282868525896,0.6443850267379679,0.5390868045040332,1,753,374,0.50066401062417,0.50066401062417,0.034528552456839307,0.0026560424966799467,101.74350891094599
3,N2_mirrored_support,4CamClassic,doctor_operator,P1,Prop_01_doctor_operator,operator_lane,0.1971252566735113,0.6089965397923875,0.2279595889819532,1,974,289,0.8018480492813141,0.8018480492813141,0.35523613963039014,0.053388090349075976,117.73312761873103
3,N2_mirrored_support,4CamClassic,medical_trolley,P2,Prop_02_medical_trolley,operator_peripheral_equipment,0.0,1.0,0.0,0,867,0,1.0,1.0,0.9953863898500577,0.8777393310265282,95.06616092294267
3,N2_mirrored_support,4CamClassic,doctor_anesthesia,P2,Prop_03_doctor_anesthesia,head_anesthesia_corner,0.2858837485172005,0.22193877551020408,0.27030755267690465,1,843,1176,0.9561091340450771,0.9561091340450771,0.6559905100830368,0.0011862396204033216,92.40677022036907
3,N2_mirrored_support,4CamClassic,anesthesia_machine,P2,Prop_04_anesthesia_machine,head_anesthesia_corner,0.0,1.0,0.0,0,1103,0,0.9981867633726201,0.9981867633726201,0.9383499546690843,0.025385312783318223,101.26751987809791
3,N2_mirrored_support,4CamClassic,radiation_shield,P1,Prop_05_radiation_shield,operator_lane,0.3322734499205087,0.6096096096096096,0.365532571143027,1,629,333,0.8807631160572337,0.8807631160572337,0.5548489666136724,0.2480127186009539,109.28160765269998
3,N2_mirrored_support,4CamClassic,uhd_tv,P3,Prop_06_uhd_tv,screen_side,0.005681818181818182,0.5,0.007082152974504249,0,1584,2,0.8901515151515151,0.8901515151515151,0.586489898989899,0.2708333333333333,95.31396556629916
3,N2_mirrored_support,4CamClassic,waste_bin,P3,Prop_07_waste_bin,waste_corner,0.0,1.0,0.0,0,243,0,0.2839506172839506,0.2839506172839506,0.0,0.0,0.0
3,N2_mirrored_support,4CamClassic,doctor_ultrasound,P2,Prop_08_doctor_ultrasound,peripheral_support,0.0,1.0,0.0,0,948,0,1.0,1.0,0.8132911392405063,0.0,96.48461253287586
3,N2_mirrored_support,4CamClassic,ultrasound,P2,Prop_09_ultrasound,peripheral_support,0.0,1.0,0.0,0,940,0,0.997872340425532,0.997872340425532,0.9212765957446809,0.16489361702127658,97.75304171618573
3,N2_mirrored_support,4CamClassic,ceiling_lamp,P3,Prop_10_ceiling_lamp,ceiling_over_table,0.0,1.0,0.0,0,264,0,1.0,1.0,1.0,0.9886363636363636,103.91299337244482
27,N2_mirrored_support,4CamClassic,patient,P1,Prop_00_patient,table_patient,0.4622905027932961,0.5470085470085471,0.47706769118514747,1,716,351,0.47067039106145253,0.47067039106145253,0.06284916201117319,0.0,90.6612765345961
27,N2_mirrored_support,4CamClassic,doctor_operator,P1,Prop_01_doctor_operator,operator_lane,0.058151609553478714,0.21965317919075145,0.06817715808898914,1,963,346,0.8504672897196262,0.8504672897196262,0.4755970924195223,0.08307372793354102,120.13146481844937
27,N2_mirrored_support,4CamClassic,medical_trolley,P2,Prop_02_medical_trolley,operator_peripheral_equipment,0.0,1.0,0.0,0,995,0,1.0,1.0,0.9959798994974874,0.8512562814070351,94.98600056191412
27,N2_mirrored_support,4CamClassic,doctor_anesthesia,P2,Prop_03_doctor_anesthesia,head_anesthesia_corner,0.08129285014691479,0.07552581261950286,0.08007004449828307,1,1021,1046,0.9990205680705191,0.9990205680705191,0.8237022526934378,0.0039177277179236044,96.5827390621259
27,N2_mirrored_support,4CamClassic,anesthesia_machine,P2,Prop_04_anesthesia_machine,head_anesthesia_corner,0.0,1.0,0.0,0,1146,0,1.0,1.0,0.9703315881326352,0.011343804537521814,94.51393851339552
27,N2_mirrored_support,4CamClassic,radiation_shield,P1,Prop_05_radiation_shield,operator_lane,0.2020997375328084,0.815028901734104,0.23787822352709187,1,762,173,0.8766404199475065,0.8766404199475065,0.515748031496063,0.14173228346456693,118.14647469194496
27,N2_mirrored_support,4CamClassic,uhd_tv,P3,Prop_06_uhd_tv,screen_side,0.0,0.0,0.0,0,1584,2,0.9185606060606061,0.9185606060606061,0.6452020202020202,0.32323232323232326,103.23630957564606
27,N2_mirrored_support,4CamClassic,waste_bin,P3,Prop_07_waste_bin,waste_corner,0.0,1.0,0.0,0,234,0,0.05128205128205128,0.05128205128205128,0.0,0.0,0.0
27,N2_mirrored_support,4CamClassic,doctor_ultrasound,P2,Prop_08_doctor_ultrasound,peripheral_support,0.0,1.0,0.0,0,975,0,1.0,1.0,0.8923076923076924,0.0,90.06834047838016
27,N2_mirrored_support,4CamClassic,ultrasound,P2,Prop_09_ultrasound,peripheral_support,0.015053763440860216,1.0,0.018746652383502947,0,930,1,0.9978494623655914,0.9978494623655914,0.9505376344086022,0.1817204301075269,100.06851845750059
27,N2_mirrored_support,4CamClassic,ceiling_lamp,P3,Prop_10_ceiling_lamp,ceiling_over_table,0.0,1.0,0.0,0,334,0,1.0,1.0,0.9910179640718563,0.9041916167664671,104.34163667918709
36,C1_standard_cath,3Cam,patient,P1,Prop_00_patient,table_patient,0.5423956931359354,0.6537753222836096,0.561528516220801,1,743,543,0.7429340511440108,0.7429340511440108,0.2759084791386272,0.02826379542395693,114.09080388118399
36,C1_standard_cath,3Cam,doctor_operator,P1,Prop_01_doctor_operator,operator_lane,0.0,1.0,0.0,0,1366,0,0.9846266471449487,0.9846266471449487,0.41947291361639827,0.004392386530014641,93.21523502906689
36,C1_standard_cath,3Cam,medical_trolley,P2,Prop_02_medical_trolley,operator_peripheral_equipment,0.009503695881731784,1.0,0.011851461680273902,0,947,1,1.0,1.0,0.996832101372756,0.805702217529039,82.87297475277606
36,C1_standard_cath,3Cam,doctor_anesthesia,P2,Prop_03_doctor_anesthesia,head_anesthesia_corner,0.023923444976076555,0.6666666666666666,0.02963841138114997,0,836,3,1.0,1.0,0.13516746411483255,0.0,131.63101477377094
36,C1_standard_cath,3Cam,anesthesia_machine,P2,Prop_04_anesthesia_machine,head_anesthesia_corner,0.008579599618684462,1.0,0.010701545778834719,0,1049,1,0.9771210676835081,0.9771210676835081,0.544327931363203,0.0,75.86013824407127
36,C1_standard_cath,3Cam,radiation_shield,P1,Prop_05_radiation_shield,operator_lane,0.0,1.0,0.0,0,1052,0,0.9914448669201521,0.9914448669201521,0.5256653992395437,0.0,96.18898467218149
36,C1_standard_cath,3Cam,uhd_tv,P3,Prop_06_uhd_tv,screen_side,0.0,1.0,0.0,0,1648,0,0.9969660194174758,0.9969660194174758,0.6577669902912622,0.0,94.42189062737066
36,C1_standard_cath,3Cam,waste_bin,P3,Prop_07_waste_bin,waste_corner,0.0,1.0,0.0,0,266,0,0.08270676691729323,0.08270676691729323,0.0,0.0,0.0
36,C1_standard_cath,3Cam,doctor_ultrasound,P2,Prop_08_doctor_ultrasound,peripheral_support,0.0,1.0,0.0,0,991,0,0.9969727547931383,0.9969727547931383,0.82744702320888,0.0,131.35321413396457
36,C1_standard_cath,3Cam,ultrasound,P2,Prop_09_ultrasound,peripheral_support,0.0,1.0,0.0,0,1021,0,0.9774730656219393,0.9774730656219393,0.0068560235063663075,0.0,120.59663922894129
36,C1_standard_cath,3Cam,ceiling_lamp,P3,Prop_10_ceiling_lamp,ceiling_over_table,0.0,1.0,0.0,0,331,0,1.0,1.0,0.9667673716012085,0.40483383685800606,114.72873351375766
9,N1_mirrored_head,3Cam,patient,P1,Prop_00_patient,table_patient,0.196,0.4823008849557522,0.22240451721438445,1,750,226,0.5853333333333334,0.5853333333333334,0.2733333333333333,0.0013333333333333333,134.7805748443212
9,N1_mirrored_head,3Cam,doctor_operator,P1,Prop_01_doctor_operator,operator_lane,0.042116630669546434,0.13702623906705538,0.048889125970181094,0,926,343,0.9989200863930886,0.9989200863930886,0.6285097192224622,0.2451403887688985,106.99871645412864
9,N1_mirrored_head,3Cam,medical_trolley,P2,Prop_02_medical_trolley,operator_peripheral_equipment,0.0,1.0,0.0,0,936,0,0.9764957264957265,0.9764957264957265,0.27564102564102566,0.014957264957264958,87.66593399880622
9,N1_mirrored_head,3Cam,doctor_anesthesia,P2,Prop_03_doctor_anesthesia,head_anesthesia_corner,0.029352226720647773,0.05828220858895705,0.032587353031629254,0,988,326,0.9989878542510121,0.9989878542510121,0.6578947368421053,0.0,104.50004249890613
9,N1_mirrored_head,3Cam,anesthesia_machine,P2,Prop_04_anesthesia_machine,head_anesthesia_corner,0.009760425909494233,1.0,0.012170834255366232,0,1127,1,0.614019520851819,0.614019520851819,0.061224489795918366,0.0,93.1697162334737
9,N1_mirrored_head,3Cam,radiation_shield,P1,Prop_05_radiation_shield,operator_lane,0.010273972602739725,1.0,0.012809564474807857,0,876,1,0.9965753424657534,0.9965753424657534,0.8299086757990868,0.1872146118721461,77.82223179441117
9,N1_mirrored_head,3Cam,uhd_tv,P3,Prop_06_uhd_tv,screen_side,0.0,1.0,0.0,0,1584,0,1.0,1.0,0.9949494949494949,0.38762626262626265,93.4172999111351
9,N1_mirrored_head,3Cam,waste_bin,P3,Prop_07_waste_bin,waste_corner,0.0,1.0,0.0,0,316,0,1.0,1.0,0.9588607594936709,0.0,51.91663410984742
9,N1_mirrored_head,3Cam,doctor_ultrasound,P2,Prop_08_doctor_ultrasound,peripheral_support,0.0,1.0,0.0,0,908,0,0.9019823788546255,0.9019823788546255,0.1288546255506608,0.0,94.30674453085625
9,N1_mirrored_head,3Cam,ultrasound,P2,Prop_09_ultrasound,peripheral_support,0.0,1.0,0.0,0,870,0,0.5137931034482759,0.5137931034482759,0.009195402298850575,0.0,89.39852817835524
9,N1_mirrored_head,3Cam,ceiling_lamp,P3,Prop_10_ceiling_lamp,ceiling_over_table,0.036,1.0,0.0445986124876115,0,250,1,1.0,1.0,0.86,0.392,95.38481125609054
21,N1_mirrored_head,3Cam,patient,P1,Prop_00_patient,table_patient,0.47638888888888886,0.6715328467153284,0.5057845623190821,1,720,411,0.6333333333333333,0.6333333333333333,0.3,0.05277777777777778,120.14646105774779
21,N1_mirrored_head,3Cam,doctor_operator,P1,Prop_01_doctor_operator,operator_lane,0.0011235955056179776,0.006134969325153374,0.0013430029546065004,0,890,163,0.9910112359550561,0.9910112359550561,0.6078651685393258,0.24719101123595505,108.48370506842079
21,N1_mirrored_head,3Cam,medical_trolley,P2,Prop_02_medical_trolley,operator_peripheral_equipment,0.0,1.0,0.0,0,937,0,0.9786552828175027,0.9786552828175027,0.2497331910352188,0.008537886872998933,82.2033055826827
21,N1_mirrored_head,3Cam,doctor_anesthesia,P2,Prop_03_doctor_anesthesia,head_anesthesia_corner,0.0,0.0,0.0,0,885,292,0.9988700564971752,0.9988700564971752,0.807909604519774,0.0,111.04252145484072
21,N1_mirrored_head,3Cam,anesthesia_machine,P2,Prop_04_anesthesia_machine,head_anesthesia_corner,0.0,1.0,0.0,0,992,0,0.5332661290322581,0.5332661290322581,0.09375,0.0,92.89889269186136
21,N1_mirrored_head,3Cam,radiation_shield,P1,Prop_05_radiation_shield,operator_lane,0.0,0.0,0.0,0,917,1,0.9923664122137404,0.9923664122137404,0.6793893129770993,0.2628135223555071,87.37212391009176
21,N1_mirrored_head,3Cam,uhd_tv,P3,Prop_06_uhd_tv,screen_side,0.0,0.0,0.0,0,1584,16,1.0,1.0,0.9772727272727273,0.38636363636363635,93.24981801788012
21,N1_mirrored_head,3Cam,waste_bin,P3,Prop_07_waste_bin,waste_corner,0.0,1.0,0.0,0,260,0,0.9961538461538462,0.9961538461538462,0.9653846153846154,0.0,52.506467119019504
21,N1_mirrored_head,3Cam,doctor_ultrasound,P2,Prop_08_doctor_ultrasound,peripheral_support,0.0,1.0,0.0,0,912,0,0.8103070175438597,0.8103070175438597,0.23355263157894737,0.0,95.97252713028907
21,N1_mirrored_head,3Cam,ultrasound,P2,Prop_09_ultrasound,peripheral_support,0.0,1.0,0.0,0,881,0,0.5845629965947786,0.5845629965947786,0.0,0.0,0.0
21,N1_mirrored_head,3Cam,ceiling_lamp,P3,Prop_10_ceiling_lamp,ceiling_over_table,0.0,1.0,0.0,0,291,0,1.0,1.0,0.9209621993127147,0.21305841924398625,89.85500395468212
3,N2_mirrored_support,3Cam,patient,P1,Prop_00_patient,table_patient,0.5365205843293492,0.6762589928057554,0.5596491434904093,1,753,556,0.7171314741035857,0.7171314741035857,0.37715803452855245,0.049136786188579015,114.78875410841175
3,N2_mirrored_support,3Cam,doctor_operator,P1,Prop_01_doctor_operator,operator_lane,0.13963039014373715,0.5987654320987654,0.16492308923249252,1,974,162,0.7433264887063655,0.7433264887063655,0.1971252566735113,0.027720739219712527,103.47837188957082
3,N2_mirrored_support,3Cam,medical_trolley,P2,Prop_02_medical_trolley,operator_peripheral_equipment,0.0,1.0,0.0,0,867,0,0.9803921568627451,0.9803921568627451,0.46366782006920415,0.08881199538638986,112.31361315223646
3,N2_mirrored_support,3Cam,doctor_anesthesia,P2,Prop_03_doctor_anesthesia,head_anesthesia_corner,0.11506524317912219,0.10526315789473684,0.11296145335972983,1,843,874,0.6370106761565836,0.6370106761565836,0.298932384341637,0.0,111.37001954097606
3,N2_mirrored_support,3Cam,anesthesia_machine,P2,Prop_04_anesthesia_machine,head_anesthesia_corner,0.0,1.0,0.0,0,1103,0,0.43517679057116954,0.43517679057116954,0.061650045330915684,0.0,92.5784373599765
3,N2_mirrored_support,3Cam,radiation_shield,P1,Prop_05_radiation_shield,operator_lane,0.314785373608903,0.583916083916084,0.34674916107382553,1,629,286,0.8966613672496025,0.8966613672496025,0.6931637519872814,0.16216216216216217,71.96729068587456
3,N2_mirrored_support,3Cam,uhd_tv,P3,Prop_06_uhd_tv,screen_side,0.0,1.0,0.0,0,1584,0,1.0,1.0,0.9696969696969697,0.016414141414141416,116.9908478439621
3,N2_mirrored_support,3Cam,waste_bin,P3,Prop_07_waste_bin,waste_corner,0.0,1.0,0.0,0,243,0,1.0,1.0,0.9794238683127572,0.0,51.11487651284884
3,N2_mirrored_support,3Cam,doctor_ultrasound,P2,Prop_08_doctor_ultrasound,peripheral_support,0.0,1.0,0.0,0,948,0,0.9356540084388185,0.9356540084388185,0.017932489451476793,0.0,94.7792029024564
3,N2_mirrored_support,3Cam,ultrasound,P2,Prop_09_ultrasound,peripheral_support,0.0,1.0,0.0,0,940,0,0.25638297872340426,0.25638297872340426,0.03297872340425532,0.0,88.07447654929052
3,N2_mirrored_support,3Cam,ceiling_lamp,P3,Prop_10_ceiling_lamp,ceiling_over_table,0.0,1.0,0.0,0,264,0,0.9962121212121212,0.9962121212121212,0.9431818181818182,0.23484848484848486,83.27985276336874
27,N2_mirrored_support,3Cam,patient,P1,Prop_00_patient,table_patient,0.48324022346368717,0.6112224448897795,0.5043616071513917,1,716,499,0.6480446927374302,0.6480446927374302,0.3435754189944134,0.05307262569832402,115.46966984339129
27,N2_mirrored_support,3Cam,doctor_operator,P1,Prop_01_doctor_operator,operator_lane,0.056074766355140186,0.2757201646090535,0.0667020641136258,1,963,243,0.9626168224299065,0.9626168224299065,0.43406022845275183,0.06542056074766354,109.99773009169651
27,N2_mirrored_support,3Cam,medical_trolley,P2,Prop_02_medical_trolley,operator_peripheral_equipment,0.004020100502512563,1.0,0.005020080321285141,0,995,1,0.9879396984924623,0.9879396984924623,0.414070351758794,0.06633165829145729,114.58711075558101
27,N2_mirrored_support,3Cam,doctor_anesthesia,P2,Prop_03_doctor_anesthesia,head_anesthesia_corner,0.07835455435847209,0.06390134529147982,0.07496350460959797,1,1021,892,0.9666993143976493,0.9666993143976493,0.4564152791380999,0.0,106.64146129546228
27,N2_mirrored_support,3Cam,anesthesia_machine,P2,Prop_04_anesthesia_machine,head_anesthesia_corner,0.0017452006980802793,1.0,0.0021805494984736156,0,1146,1,0.37783595113438045,0.37783595113438045,0.037521815008726006,0.0,94.36455339832354
27,N2_mirrored_support,3Cam,radiation_shield,P1,Prop_05_radiation_shield,operator_lane,0.19291338582677164,0.8181818181818182,0.22771868222658262,1,762,165,0.994750656167979,0.994750656167979,0.8648293963254593,0.24803149606299213,76.8695675289937
27,N2_mirrored_support,3Cam,uhd_tv,P3,Prop_06_uhd_tv,screen_side,0.0012626262626262627,0.5,0.001577287066246057,0,1584,2,0.9993686868686869,0.9993686868686869,0.7178030303030303,0.008207070707070708,115.44301955201666
27,N2_mirrored_support,3Cam,waste_bin,P3,Prop_07_waste_bin,waste_corner,0.0,1.0,0.0,0,234,0,1.0,1.0,0.9487179487179487,0.0,50.720653950977066
27,N2_mirrored_support,3Cam,doctor_ultrasound,P2,Prop_08_doctor_ultrasound,peripheral_support,0.0,1.0,0.0,0,975,0,1.0,1.0,0.008205128205128205,0.0,96.13851351136539
27,N2_mirrored_support,3Cam,ultrasound,P2,Prop_09_ultrasound,peripheral_support,0.0,1.0,0.0,0,930,0,0.3161290322580645,0.3161290322580645,0.007526881720430108,0.0,87.9609054471284
27,N2_mirrored_support,3Cam,ceiling_lamp,P3,Prop_10_ceiling_lamp,ceiling_over_table,0.03293413173652695,1.0,0.040831477357089835,0,334,1,1.0,1.0,0.9461077844311377,0.3203592814371258,96.34249205292848
36,C1_standard_cath,4CamAsym,patient,P1,Prop_00_patient,table_patient,0.5639300134589502,0.6677966101694915,0.5820355413777397,1,743,590,0.7604306864064603,0.7604306864064603,0.6123822341857336,0.16150740242261102,88.7133274945006
36,C1_standard_cath,4CamAsym,doctor_operator,P1,Prop_01_doctor_operator,operator_lane,0.0,1.0,0.0,0,1366,0,0.9985358711566618,0.9985358711566618,0.8565153733528551,0.3374816983894583,78.81970681808227
36,C1_standard_cath,4CamAsym,medical_trolley,P2,Prop_02_medical_trolley,operator_peripheral_equipment,0.0,1.0,0.0,0,947,0,1.0,1.0,1.0,0.9947201689545935,83.9001849750385
36,C1_standard_cath,4CamAsym,doctor_anesthesia,P2,Prop_03_doctor_anesthesia,head_anesthesia_corner,0.0,1.0,0.0,0,836,0,1.0,1.0,0.972488038277512,0.13157894736842105,96.70701613060073
36,C1_standard_cath,4CamAsym,anesthesia_machine,P2,Prop_04_anesthesia_machine,head_anesthesia_corner,0.0,1.0,0.0,0,1049,0,1.0,1.0,0.9523355576739753,0.32125834127740704,80.69185747997359
36,C1_standard_cath,4CamAsym,radiation_shield,P1,Prop_05_radiation_shield,operator_lane,0.011406844106463879,1.0,0.014218009478672987,0,1052,1,1.0,1.0,0.9724334600760456,0.4847908745247148,81.47656994707229
36,C1_standard_cath,4CamAsym,uhd_tv,P3,Prop_06_uhd_tv,screen_side,0.0,1.0,0.0,0,1648,0,0.9993932038834952,0.9993932038834952,0.9205097087378641,0.5825242718446602,85.71314740414797
36,C1_standard_cath,4CamAsym,waste_bin,P3,Prop_07_waste_bin,waste_corner,0.0,1.0,0.0,0,266,0,0.08270676691729323,0.08270676691729323,0.0,0.0,0.0
36,C1_standard_cath,4CamAsym,doctor_ultrasound,P2,Prop_08_doctor_ultrasound,peripheral_support,0.0,1.0,0.0,0,991,0,0.9959636730575177,0.9959636730575177,0.822401614530777,0.0,131.3258897247057
36,C1_standard_cath,4CamAsym,ultrasound,P2,Prop_09_ultrasound,peripheral_support,0.0,1.0,0.0,0,1021,0,0.9755142017629774,0.9755142017629774,0.007835455435847209,0.0,120.4339111424767
36,C1_standard_cath,4CamAsym,ceiling_lamp,P3,Prop_10_ceiling_lamp,ceiling_over_table,0.0,1.0,0.0,0,331,0,1.0,1.0,1.0,0.972809667673716,113.17220949102516
9,N1_mirrored_head,4CamAsym,patient,P1,Prop_00_patient,table_patient,0.2946666666666667,0.5351681957186545,0.3237664227221661,1,750,327,0.7306666666666667,0.7306666666666667,0.4746666666666667,0.12666666666666668,101.85880917829832
9,N1_mirrored_head,4CamAsym,doctor_operator,P1,Prop_01_doctor_operator,operator_lane,0.032397408207343416,0.13450292397660818,0.0381966741214765,0,926,342,1.0,1.0,0.7710583153347732,0.40712742980561556,104.08320643930178
9,N1_mirrored_head,4CamAsym,medical_trolley,P2,Prop_02_medical_trolley,operator_peripheral_equipment,0.0,1.0,0.0,0,936,0,0.9967948717948718,0.9967948717948718,0.8920940170940171,0.266025641025641,99.86995111722922
9,N1_mirrored_head,4CamAsym,doctor_anesthesia,P2,Prop_03_doctor_anesthesia,head_anesthesia_corner,0.044534412955465584,0.06040268456375839,0.04700408318298357,0,988,447,1.0,1.0,0.992914979757085,0.6477732793522267,94.19475439293252
9,N1_mirrored_head,4CamAsym,anesthesia_machine,P2,Prop_04_anesthesia_machine,head_anesthesia_corner,0.00354924578527063,1.0,0.004432624113475177,0,1127,1,0.9103815439219166,0.9103815439219166,0.49157054125998223,0.05944986690328305,100.93243052158014
9,N1_mirrored_head,4CamAsym,radiation_shield,P1,Prop_05_radiation_shield,operator_lane,0.0,1.0,0.0,0,876,0,1.0,1.0,0.9988584474885844,0.8127853881278538,92.03707529947441
9,N1_mirrored_head,4CamAsym,uhd_tv,P3,Prop_06_uhd_tv,screen_side,0.0,0.0,0.0,0,1584,1,1.0,1.0,0.9993686868686869,0.8630050505050505,99.89657033021581
9,N1_mirrored_head,4CamAsym,waste_bin,P3,Prop_07_waste_bin,waste_corner,0.0,1.0,0.0,0,316,0,0.9968354430379747,0.9968354430379747,0.9525316455696202,0.0,51.90681128560999
9,N1_mirrored_head,4CamAsym,doctor_ultrasound,P2,Prop_08_doctor_ultrasound,peripheral_support,0.0,1.0,0.0,0,908,0,0.9019823788546255,0.9019823788546255,0.1288546255506608,0.0,94.30674453085625
9,N1_mirrored_head,4CamAsym,ultrasound,P2,Prop_09_ultrasound,peripheral_support,0.0,1.0,0.0,0,870,0,0.5137931034482759,0.5137931034482759,0.009195402298850575,0.0,89.39852817835524
9,N1_mirrored_head,4CamAsym,ceiling_lamp,P3,Prop_10_ceiling_lamp,ceiling_over_table,0.0,1.0,0.0,0,250,0,1.0,1.0,0.984,0.856,111.0276343352807
21,N1_mirrored_head,4CamAsym,patient,P1,Prop_00_patient,table_patient,0.5305555555555556,0.6439393939393939,0.5499214156030675,1,720,528,0.7805555555555556,0.7805555555555556,0.5027777777777778,0.1597222222222222,104.3606462995493
21,N1_mirrored_head,4CamAsym,doctor_operator,P1,Prop_01_doctor_operator,operator_lane,0.0,0.0,0.0,0,890,183,0.9932584269662922,0.9932584269662922,0.8337078651685393,0.3842696629213483,101.69464695241402
21,N1_mirrored_head,4CamAsym,medical_trolley,P2,Prop_02_medical_trolley,operator_peripheral_equipment,0.012806830309498399,1.0,0.015957446808510637,0,937,1,0.991462113127001,0.991462113127001,0.4215581643543223,0.06296691568836713,93.67527575213555
21,N1_mirrored_head,4CamAsym,doctor_anesthesia,P2,Prop_03_doctor_anesthesia,head_anesthesia_corner,0.0,0.0,0.0,0,885,389,1.0,1.0,1.0,0.8022598870056498,101.9791950600058
21,N1_mirrored_head,4CamAsym,anesthesia_machine,P2,Prop_04_anesthesia_machine,head_anesthesia_corner,0.0,1.0,0.0,0,992,0,0.9183467741935484,0.9183467741935484,0.5131048387096774,0.09274193548387097,98.51711522824027
21,N1_mirrored_head,4CamAsym,radiation_shield,P1,Prop_05_radiation_shield,operator_lane,0.0,1.0,0.0,0,917,0,0.9989094874591058,0.9989094874591058,0.9814612868047983,0.6008724100327154,92.14007118264367
21,N1_mirrored_head,4CamAsym,uhd_tv,P3,Prop_06_uhd_tv,screen_side,0.011363636363636364,0.09523809523809523,0.013793103448275862,0,1584,21,1.0,1.0,0.9981060606060606,0.8794191919191919,99.42325192707615
21,N1_mirrored_head,4CamAsym,waste_bin,P3,Prop_07_waste_bin,waste_corner,0.0,1.0,0.0,0,260,0,0.9961538461538462,0.9961538461538462,0.9807692307692307,0.0,52.44224512076676
21,N1_mirrored_head,4CamAsym,doctor_ultrasound,P2,Prop_08_doctor_ultrasound,peripheral_support,0.0,1.0,0.0,0,912,0,0.8103070175438597,0.8103070175438597,0.23355263157894737,0.0,95.97252713028907
21,N1_mirrored_head,4CamAsym,ultrasound,P2,Prop_09_ultrasound,peripheral_support,0.0,1.0,0.0,0,881,0,0.58683314415437,0.58683314415437,0.0,0.0,0.0
21,N1_mirrored_head,4CamAsym,ceiling_lamp,P3,Prop_10_ceiling_lamp,ceiling_over_table,0.0,1.0,0.0,0,291,0,1.0,1.0,1.0,0.9037800687285223,110.85678502228309
3,N2_mirrored_support,4CamAsym,patient,P1,Prop_00_patient,table_patient,0.5551128818061088,0.6776315789473685,0.5759393427008979,1,753,608,0.7941567065073041,0.7941567065073041,0.5922974767596282,0.20717131474103587,102.74991987457761
3,N2_mirrored_support,4CamAsym,doctor_operator,P1,Prop_01_doctor_operator,operator_lane,0.16940451745379878,0.5491071428571429,0.19659296973078536,1,974,224,0.9425051334702259,0.9425051334702259,0.5893223819301848,0.11190965092402463,104.89044523700183
3,N2_mirrored_support,4CamAsym,medical_trolley,P2,Prop_02_medical_trolley,operator_peripheral_equipment,0.0,1.0,0.0,0,867,0,0.9873125720876585,0.9873125720876585,0.5640138408304498,0.18915801614763553,101.85018341168328
3,N2_mirrored_support,4CamAsym,doctor_anesthesia,P2,Prop_03_doctor_anesthesia,head_anesthesia_corner,0.2597864768683274,0.18031496062992125,0.23874198100004,1,843,1270,0.9383155397390273,0.9383155397390273,0.631079478054567,0.3036773428232503,102.59894899080834
3,N2_mirrored_support,4CamAsym,anesthesia_machine,P2,Prop_04_anesthesia_machine,head_anesthesia_corner,0.0,1.0,0.0,0,1103,0,0.8331822302810517,0.8331822302810517,0.34542157751586583,0.06346328195829556,93.14975248183337
3,N2_mirrored_support,4CamAsym,radiation_shield,P1,Prop_05_radiation_shield,operator_lane,0.3354531001589825,0.6656891495601173,0.37240138520222116,1,629,341,0.9634340222575517,0.9634340222575517,0.8553259141494436,0.6406995230524642,90.6058499787129
3,N2_mirrored_support,4CamAsym,uhd_tv,P3,Prop_06_uhd_tv,screen_side,0.005681818181818182,1.0,0.007092198581560284,0,1584,1,1.0,1.0,0.9993686868686869,0.7279040404040404,107.25882553460491
3,N2_mirrored_support,4CamAsym,waste_bin,P3,Prop_07_waste_bin,waste_corner,0.0,1.0,0.0,0,243,0,1.0,1.0,0.9753086419753086,0.0,51.09066497543863
3,N2_mirrored_support,4CamAsym,doctor_ultrasound,P2,Prop_08_doctor_ultrasound,peripheral_support,0.0,1.0,0.0,0,948,0,0.9367088607594937,0.9367088607594937,0.017932489451476793,0.0,94.7792029024564
3,N2_mirrored_support,4CamAsym,ultrasound,P2,Prop_09_ultrasound,peripheral_support,0.0,1.0,0.0,0,940,0,0.25638297872340426,0.25638297872340426,0.03297872340425532,0.0,88.07447654929052
3,N2_mirrored_support,4CamAsym,ceiling_lamp,P3,Prop_10_ceiling_lamp,ceiling_over_table,0.0,1.0,0.0,0,264,0,1.0,1.0,1.0,0.9128787878787878,109.1052213521107
27,N2_mirrored_support,4CamAsym,patient,P1,Prop_00_patient,table_patient,0.5363128491620112,0.6343537414965986,0.553419305382114,1,716,588,0.7513966480446927,0.7513966480446927,0.5572625698324022,0.2011173184357542,104.77017276466061
27,N2_mirrored_support,4CamAsym,doctor_operator,P1,Prop_01_doctor_operator,operator_lane,0.05711318795430945,0.19391634980988592,0.06649535125191426,1,963,263,0.9948078920041536,0.9948078920041536,0.7767393561786086,0.1505711318795431,103.28425315215489
27,N2_mirrored_support,4CamAsym,medical_trolley,P2,Prop_02_medical_trolley,operator_peripheral_equipment,0.0,1.0,0.0,0,995,0,0.9889447236180905,0.9889447236180905,0.6894472361809045,0.21809045226130652,101.31446438616861
27,N2_mirrored_support,4CamAsym,doctor_anesthesia,P2,Prop_03_doctor_anesthesia,head_anesthesia_corner,0.08129285014691479,0.07174103237095363,0.07918428321121006,1,1021,1143,1.0,1.0,0.9637610186092067,0.4427032321253673,90.74057125750292
27,N2_mirrored_support,4CamAsym,anesthesia_machine,P2,Prop_04_anesthesia_machine,head_anesthesia_corner,0.0,1.0,0.0,0,1146,0,0.9214659685863874,0.9214659685863874,0.34904013961605584,0.03664921465968586,88.54487310239296
27,N2_mirrored_support,4CamAsym,radiation_shield,P1,Prop_05_radiation_shield,operator_lane,0.20603674540682415,0.7807486631016043,0.2416061825548573,1,762,187,0.9986876640419947,0.9986876640419947,0.963254593175853,0.6876640419947506,89.9166927074116
27,N2_mirrored_support,4CamAsym,uhd_tv,P3,Prop_06_uhd_tv,screen_side,0.0,0.0,0.0,0,1584,2,0.9993686868686869,0.9993686868686869,0.9154040404040404,0.5587121212121212,101.68895288053481
27,N2_mirrored_support,4CamAsym,waste_bin,P3,Prop_07_waste_bin,waste_corner,0.0,1.0,0.0,0,234,0,1.0,1.0,0.9871794871794872,0.0,50.732497023768516
27,N2_mirrored_support,4CamAsym,doctor_ultrasound,P2,Prop_08_doctor_ultrasound,peripheral_support,0.0,0.0,0.0,0,975,1,1.0,1.0,0.008205128205128205,0.0,96.13851351136539
27,N2_mirrored_support,4CamAsym,ultrasound,P2,Prop_09_ultrasound,peripheral_support,0.0,1.0,0.0,0,930,0,0.3279569892473118,0.3279569892473118,0.007526881720430108,0.0,87.9609054471284
27,N2_mirrored_support,4CamAsym,ceiling_lamp,P3,Prop_10_ceiling_lamp,ceiling_over_table,0.0,1.0,0.0,0,334,0,1.0,1.0,1.0,0.9431137724550899,110.78385844484771
36,C1_standard_cath,5Cam,patient,P1,Prop_00_patient,table_patient,0.5612382234185733,0.6661184210526315,0.5794862187379048,1,743,608,0.8061911170928667,0.8061911170928667,0.6366083445491252,0.2288021534320323,87.27950966128788
36,C1_standard_cath,5Cam,doctor_operator,P1,Prop_01_doctor_operator,operator_lane,0.0,0.0,0.0,0,1366,1,1.0,1.0,0.9978038067349927,0.8455344070278185,80.87289788650038
36,C1_standard_cath,5Cam,medical_trolley,P2,Prop_02_medical_trolley,operator_peripheral_equipment,0.0,1.0,0.0,0,947,0,1.0,1.0,1.0,0.9947201689545935,84.12273764861348
36,C1_standard_cath,5Cam,doctor_anesthesia,P2,Prop_03_doctor_anesthesia,head_anesthesia_corner,0.0,1.0,0.0,0,836,0,1.0,1.0,1.0,0.8074162679425837,84.54186840151635
36,C1_standard_cath,5Cam,anesthesia_machine,P2,Prop_04_anesthesia_machine,head_anesthesia_corner,0.0,0.0,0.0,0,1049,4,0.998093422306959,0.998093422306959,0.9809342230695901,0.7912297426120114,73.29306692512378
36,C1_standard_cath,5Cam,radiation_shield,P1,Prop_05_radiation_shield,operator_lane,0.009505703422053232,1.0,0.011853959222380275,0,1052,1,1.0,1.0,0.9857414448669202,0.7576045627376425,80.03014797952542
36,C1_standard_cath,5Cam,uhd_tv,P3,Prop_06_uhd_tv,screen_side,0.0036407766990291263,1.0,0.004546832373446498,0,1648,1,1.0,1.0,0.9908980582524272,0.8828883495145631,87.56703684174398
36,C1_standard_cath,5Cam,waste_bin,P3,Prop_07_waste_bin,waste_corner,0.0,1.0,0.0,0,266,0,0.9887218045112782,0.9887218045112782,0.07518796992481203,0.0,71.2513285895119
36,C1_standard_cath,5Cam,doctor_ultrasound,P2,Prop_08_doctor_ultrasound,peripheral_support,0.0,1.0,0.0,0,991,0,1.0,1.0,0.9233097880928355,0.35923309788092833,98.16219173019685
36,C1_standard_cath,5Cam,ultrasound,P2,Prop_09_ultrasound,peripheral_support,0.0,1.0,0.0,0,1021,0,0.9931439764936337,0.9931439764936337,0.32223310479921646,0.0,39.09810321015505
36,C1_standard_cath,5Cam,ceiling_lamp,P3,Prop_10_ceiling_lamp,ceiling_over_table,0.0,1.0,0.0,0,331,0,1.0,1.0,1.0,1.0,103.08821576097705
9,N1_mirrored_head,5Cam,patient,P1,Prop_00_patient,table_patient,0.296,0.5353846153846153,0.3250694269123959,1,750,325,0.7253333333333334,0.7253333333333334,0.47733333333333333,0.13333333333333333,102.10206665802018
9,N1_mirrored_head,5Cam,doctor_operator,P1,Prop_01_doctor_operator,operator_lane,0.0367170626349892,0.14204545454545456,0.043110443885417515,0,926,352,0.9978401727861771,0.9978401727861771,0.8369330453563715,0.4719222462203024,101.77910817504383
9,N1_mirrored_head,5Cam,medical_trolley,P2,Prop_02_medical_trolley,operator_peripheral_equipment,0.0,1.0,0.0,0,936,0,1.0,1.0,0.9903846153846154,0.8504273504273504,78.32036156588052
9,N1_mirrored_head,5Cam,doctor_anesthesia,P2,Prop_03_doctor_anesthesia,head_anesthesia_corner,0.044534412955465584,0.06276150627615062,0.04728064645538426,0,988,478,1.0,1.0,1.0,0.9919028340080972,96.96268602598187
9,N1_mirrored_head,5Cam,anesthesia_machine,P2,Prop_04_anesthesia_machine,head_anesthesia_corner,0.0,1.0,0.0,0,1127,0,0.9991126885536823,0.9991126885536823,0.9023957409050577,0.49423247559893524,90.32482929023254
9,N1_mirrored_head,5Cam,radiation_shield,P1,Prop_05_radiation_shield,operator_lane,0.010273972602739725,1.0,0.012809564474807857,0,876,1,0.9988584474885844,0.9988584474885844,0.9931506849315068,0.8276255707762558,90.26707651017928
9,N1_mirrored_head,5Cam,uhd_tv,P3,Prop_06_uhd_tv,screen_side,0.004419191919191919,0.25,0.005499685732243872,0,1584,4,1.0,1.0,1.0,0.9034090909090909,101.0108531317518
9,N1_mirrored_head,5Cam,waste_bin,P3,Prop_07_waste_bin,waste_corner,0.0,1.0,0.0,0,316,0,1.0,1.0,0.9778481012658228,0.0,51.900789330813794
9,N1_mirrored_head,5Cam,doctor_ultrasound,P2,Prop_08_doctor_ultrasound,peripheral_support,0.0,1.0,0.0,0,908,0,0.9019823788546255,0.9019823788546255,0.1288546255506608,0.0,94.30674453085625
9,N1_mirrored_head,5Cam,ultrasound,P2,Prop_09_ultrasound,peripheral_support,0.0,1.0,0.0,0,870,0,0.5091954022988506,0.5091954022988506,0.009195402298850575,0.0,89.39852817835524
9,N1_mirrored_head,5Cam,ceiling_lamp,P3,Prop_10_ceiling_lamp,ceiling_over_table,0.0,1.0,0.0,0,250,0,1.0,1.0,0.996,0.988,98.7029038420921
21,N1_mirrored_head,5Cam,patient,P1,Prop_00_patient,table_patient,0.5416666666666666,0.6476014760147601,0.5599872367581366,1,720,542,0.7791666666666667,0.7791666666666667,0.49444444444444446,0.16944444444444445,104.53013197294285
21,N1_mirrored_head,5Cam,doctor_operator,P1,Prop_01_doctor_operator,operator_lane,0.028089887640449437,0.023809523809523808,0.027114967462039043,0,890,210,0.9932584269662922,0.9932584269662922,0.8595505617977528,0.5078651685393258,98.11692344796053
21,N1_mirrored_head,5Cam,medical_trolley,P2,Prop_02_medical_trolley,operator_peripheral_equipment,0.0,0.0,0.0,0,937,1,0.9989327641408752,0.9989327641408752,0.9733191035218783,0.40768409818569906,85.04883961863062
21,N1_mirrored_head,5Cam,doctor_anesthesia,P2,Prop_03_doctor_anesthesia,head_anesthesia_corner,0.0,0.0,0.0,0,885,398,1.0,1.0,1.0,0.992090395480226,99.81993603338229
21,N1_mirrored_head,5Cam,anesthesia_machine,P2,Prop_04_anesthesia_machine,head_anesthesia_corner,0.0,1.0,0.0,0,992,0,0.9979838709677419,0.9979838709677419,0.9133064516129032,0.5110887096774194,89.83814385941723
21,N1_mirrored_head,5Cam,radiation_shield,P1,Prop_05_radiation_shield,operator_lane,0.009814612868047983,1.0,0.012238237693772096,0,917,1,1.0,1.0,0.9836423118865867,0.6477644492911668,89.94787402291175
21,N1_mirrored_head,5Cam,uhd_tv,P3,Prop_06_uhd_tv,screen_side,0.0,0.0,0.0,0,1584,20,1.0,1.0,0.9993686868686869,0.9078282828282829,100.2934157069868
21,N1_mirrored_head,5Cam,waste_bin,P3,Prop_07_waste_bin,waste_corner,0.0,1.0,0.0,0,260,0,0.9961538461538462,0.9961538461538462,0.9576923076923077,0.0,52.43579733311868
21,N1_mirrored_head,5Cam,doctor_ultrasound,P2,Prop_08_doctor_ultrasound,peripheral_support,0.0,1.0,0.0,0,912,0,0.8103070175438597,0.8103070175438597,0.23355263157894737,0.0,95.97252713028907
21,N1_mirrored_head,5Cam,ultrasound,P2,Prop_09_ultrasound,peripheral_support,0.0,1.0,0.0,0,881,0,0.5811577752553916,0.5811577752553916,0.0,0.0,0.0
21,N1_mirrored_head,5Cam,ceiling_lamp,P3,Prop_10_ceiling_lamp,ceiling_over_table,0.030927835051546393,1.0,0.03836317135549872,0,291,1,1.0,1.0,1.0,0.9896907216494846,98.18149836481504
3,N2_mirrored_support,5Cam,patient,P1,Prop_00_patient,table_patient,0.5511288180610889,0.6911764705882353,0.5744063044809876,1,753,612,0.8007968127490039,0.8007968127490039,0.5962815405046481,0.21912350597609562,101.95794230067163
3,N2_mirrored_support,5Cam,doctor_operator,P1,Prop_01_doctor_operator,operator_lane,0.19815195071868583,0.5864661654135338,0.22839751545256207,1,974,266,0.9527720739219713,0.9527720739219713,0.6991786447638604,0.2535934291581109,93.54674285427501
3,N2_mirrored_support,5Cam,medical_trolley,P2,Prop_02_medical_trolley,operator_peripheral_equipment,0.0,1.0,0.0,0,867,0,0.9988465974625144,0.9988465974625144,0.9700115340253749,0.552479815455594,85.75972161783679
3,N2_mirrored_support,5Cam,doctor_anesthesia,P2,Prop_03_doctor_anesthesia,head_anesthesia_corner,0.2669039145907473,0.1870286576168929,0.2459003389722952,1,843,1326,0.9620403321470937,0.9620403321470937,0.9134045077105575,0.6227758007117438,94.99462343355837
3,N2_mirrored_support,5Cam,anesthesia_machine,P2,Prop_04_anesthesia_machine,head_anesthesia_corner,0.0,0.0,0.0,0,1103,1,0.9936536718041704,0.9936536718041704,0.8259292837715322,0.34360834088848596,87.26439418784521
3,N2_mirrored_support,5Cam,radiation_shield,P1,Prop_05_radiation_shield,operator_lane,0.34022257551669316,0.6572237960339944,0.3765468241375858,1,629,353,0.9634340222575517,0.9634340222575517,0.8569157392686805,0.6756756756756757,87.45281962930136
3,N2_mirrored_support,5Cam,uhd_tv,P3,Prop_06_uhd_tv,screen_side,0.001893939393939394,0.5,0.0023651844843897824,0,1584,2,1.0,1.0,1.0,0.9255050505050505,101.66391632434343
3,N2_mirrored_support,5Cam,waste_bin,P3,Prop_07_waste_bin,waste_corner,0.0,1.0,0.0,0,243,0,1.0,1.0,0.9753086419753086,0.0,51.04751674135856
3,N2_mirrored_support,5Cam,doctor_ultrasound,P2,Prop_08_doctor_ultrasound,peripheral_support,0.0,1.0,0.0,0,948,0,0.9367088607594937,0.9367088607594937,0.016877637130801686,0.0,94.69434451808416
3,N2_mirrored_support,5Cam,ultrasound,P2,Prop_09_ultrasound,peripheral_support,0.0,1.0,0.0,0,940,0,0.25638297872340426,0.25638297872340426,0.030851063829787233,0.0,87.91530265479159
3,N2_mirrored_support,5Cam,ceiling_lamp,P3,Prop_10_ceiling_lamp,ceiling_over_table,0.0,1.0,0.0,0,264,0,1.0,1.0,1.0,0.9962121212121212,97.67797768898241
27,N2_mirrored_support,5Cam,patient,P1,Prop_00_patient,table_patient,0.5349162011173184,0.6296296296296297,0.5515085805282149,1,716,594,0.75,0.75,0.553072625698324,0.21787709497206703,103.76315131153164
27,N2_mirrored_support,5Cam,doctor_operator,P1,Prop_01_doctor_operator,operator_lane,0.07372793354101766,0.2057877813504823,0.08458391193146915,1,963,311,0.9968847352024922,0.9968847352024922,0.8307372793354102,0.34787123572170303,97.76894813520586
27,N2_mirrored_support,5Cam,medical_trolley,P2,Prop_02_medical_trolley,operator_peripheral_equipment,0.011055276381909548,0.5,0.013743128435782109,0,995,2,1.0,1.0,0.9839195979899498,0.6733668341708543,82.44668453211108
27,N2_mirrored_support,5Cam,doctor_anesthesia,P2,Prop_03_doctor_anesthesia,head_anesthesia_corner,0.08129285014691479,0.0706896551724138,0.0789251521448716,1,1021,1160,1.0,1.0,0.9990205680705191,0.9618021547502449,94.56040395127033
27,N2_mirrored_support,5Cam,anesthesia_machine,P2,Prop_04_anesthesia_machine,head_anesthesia_corner,0.0,0.0,0.0,0,1146,2,1.0,1.0,0.9057591623036649,0.34205933682373474,81.20387320097318
27,N2_mirrored_support,5Cam,radiation_shield,P1,Prop_05_radiation_shield,operator_lane,0.1968503937007874,0.7954545454545454,0.23172669491525424,1,762,176,1.0,1.0,0.9711286089238845,0.7375328083989501,89.40032465450984
27,N2_mirrored_support,5Cam,uhd_tv,P3,Prop_06_uhd_tv,screen_side,0.0,0.0,0.0,0,1584,3,1.0,1.0,0.9873737373737373,0.7683080808080808,94.13085250367165
27,N2_mirrored_support,5Cam,waste_bin,P3,Prop_07_waste_bin,waste_corner,0.0,1.0,0.0,0,234,0,1.0,1.0,0.9615384615384616,0.0,50.71830861380424
27,N2_mirrored_support,5Cam,doctor_ultrasound,P2,Prop_08_doctor_ultrasound,peripheral_support,0.0,1.0,0.0,0,975,0,0.997948717948718,0.997948717948718,0.008205128205128205,0.0,96.13851351136539
27,N2_mirrored_support,5Cam,ultrasound,P2,Prop_09_ultrasound,peripheral_support,0.0,1.0,0.0,0,930,0,0.3311827956989247,0.3311827956989247,0.0064516129032258064,0.0,87.82172124541121
27,N2_mirrored_support,5Cam,ceiling_lamp,P3,Prop_10_ceiling_lamp,ceiling_over_table,0.02694610778443114,1.0,0.033457249070631974,0,334,1,1.0,1.0,1.0,1.0,99.34985986380349
